Date,mag,lon,lat,depth
2/1/1964,4.8,87.7167,27.366,21
5/24/1964,5.1,82.1363,30.0496,21
9/26/1964,6,80.452,29.8553,29.9
10/6/1964,5.2,80.9165,29.3238,17
11/9/1964,5.3,85.9256,29.5208,35
12/2/1964,5.2,81.2309,29.4573,20
1/12/1965,6.1,87.8286,27.3829,22.8
1/12/1965,5.3,87.6567,27.3269,21
3/18/1965,5.2,80.2798,29.5572,10
5/13/1965,5,80.267,29.8243,10
6/1/1965,5.3,83.0358,28.4637,35
6/17/1965,5.2,87.7178,31.8717,11.2
3/6/1966,6,80.5448,31.373,17.3
3/6/1966,5.4,80.4515,31.4191,35
3/17/1966,4.8,82.6689,31.6077,35
6/25/1966,4.8,82.0498,30.2342,35
6/27/1966,6,80.9233,29.7075,23.8
6/27/1966,5.3,80.8036,29.937,35
6/28/1966,4.9,80.8448,29.4786,17
10/5/1966,4.6,81.1259,29.3726,17
10/13/1966,4.5,80.2723,31.2783,10
11/5/1966,4.9,83.7887,28.2606,35
12/16/1966,5.9,80.8488,29.5431,15.8
12/18/1966,4.8,80.7404,29.556,17
12/21/1966,5.3,80.7498,29.6499,17
12/18/1967,5.1,81.7845,29.3059,31
5/27/1968,5.1,80.5117,29.6164,19
10/28/1968,4.8,86.0925,27.6128,19
12/5/1969,4.9,80.9907,29.007,35
2/12/1970,5.2,81.6066,29.1351,19.6
2/26/1970,5.2,85.8968,27.6028,19
2/26/1970,4.8,85.7833,27.1975,10
7/21/1970,5,84.7519,27.9666,12
5/3/1971,5.4,84.445,30.8184,14.2
10/24/1971,4.7,87.1952,28.1547,35
12/4/1971,5,87.7669,27.762,35
2/4/1972,5.1,84.4196,30.329,35
3/15/1972,5.2,84.3809,30.5793,12.5
4/28/1972,5,84.9209,31.3063,35
8/21/1972,4.8,87.9544,27.413,20
1/2/1973,5.1,88.0895,31.1744,40
2/10/1973,4.6,80.3806,30.2662,11
3/22/1973,5,87.1235,28.2085,28.6
4/4/1973,4.5,83.4722,30.8139,11
10/16/1973,5.1,82.8828,28.3748,25.4
3/3/1974,5.5,86.5245,30.6385,12.3
3/13/1974,4.5,81.2791,29.2377,27
3/24/1974,5.7,86.0684,27.7852,24
3/24/1974,5,85.8967,27.4549,19
5/6/1974,4.5,81.5732,29.2306,33
9/27/1974,5.7,85.4326,28.5856,47
10/31/1974,4.7,85.0751,31.5329,35
11/10/1974,4.7,86.4908,31.5592,35
12/23/1974,5.3,81.2625,29.3013,27
12/24/1974,4.7,86.5046,31.2576,26
1/31/1975,5.1,84.6786,28.0927,46.2
2/6/1975,4.8,87.492,27.7985,68
4/9/1975,4.9,84.9664,30.8095,35
4/24/1975,5,87.0013,27.4852,35
6/24/1975,4.9,87.5264,27.6554,10
9/6/1975,5.2,81.8084,29.187,13.5
9/8/1975,4.9,84.8503,31.5164,35
9/27/1975,4.5,85.7837,30.3953,35
11/21/1975,4.9,86.5438,27.0106,10
11/26/1975,5.1,87.6792,28.0615,71
5/10/1976,5.3,81.5126,29.3234,19.5
7/23/1976,4.9,83.6167,31.8153,35
9/12/1976,4.7,85.8472,27.6467,19
9/29/1976,5,81.4419,29.4255,27
1/6/1977,5,87.9821,31.1815,24
6/20/1977,4.4,83.1044,30.873,10
9/20/1977,4.6,80.9459,29.5006,17
11/4/1977,5,81.1535,29.5052,17
1/1/1978,4.4,81.6492,30.0763,33
2/4/1978,4.4,81.205,29.1336,35
2/10/1978,5.3,84.6532,28.0882,12.9
2/19/1978,4.5,85.103,29.3719,10
2/28/1978,4.7,80.6522,29.2752,19
3/7/1978,4.2,81.3252,29.1915,33
8/13/1978,4.5,85.1637,27.9458,12
10/4/1978,5.2,85.9202,27.7901,15.1
10/23/1978,4.4,86.8963,28.8075,10
12/25/1978,4.7,84.176,28.1118,35
1/1/1979,4.5,82.8229,28.3131,35
5/5/1979,4.2,85.6339,27.1731,35
5/20/1979,5.8,80.3319,29.9634,16.7
6/19/1979,5.3,87.4765,26.6592,12.7
7/3/1979,4.2,84.3152,27.7714,35
11/16/1979,4.9,88.1505,27.4024,10
6/22/1980,5.2,81.6532,30.0799,24.6
7/29/1980,6.1,81.0481,29.58,17.5
7/29/1980,5.8,81.2185,29.2952,8.5
7/29/1980,4.6,81.1444,29.0841,35
7/30/1980,4.9,80.7391,29.5392,17
7/31/1980,4.6,80.8253,29.4185,17
8/4/1980,4.7,80.9173,29.3604,17
8/20/1980,4.5,80.9322,29.3255,17
9/8/1980,4.5,80.3194,29.8456,23
10/8/1980,5,87.7304,31.2226,35
10/10/1980,5,81.0047,29.1774,10
11/18/1980,5,85.2937,29.5689,35
11/20/1980,5,85.2209,29.4451,35
3/6/1981,5.1,80.5915,29.9716,31.8
4/9/1981,4.6,84.6336,28.0328,35
5/15/1981,5.2,81.9254,29.4246,22.7
9/10/1981,4.8,81.1126,29.3297,17
1/23/1982,6.1,82.2471,31.6787,17.3
1/23/1982,4.5,83.016,31.9867,35
1/23/1982,4.4,82.2337,31.3545,35
1/24/1982,4.7,82.2554,31.4239,20
1/24/1982,4.7,82.1984,31.5464,35
1/24/1982,4.5,82.3996,31.6558,35
1/24/1982,4.5,81.9869,31.4766,35
1/24/1982,4.3,82.2905,31.4701,10
1/25/1982,5.1,82.2068,31.57,25
2/4/1982,4.6,82.2065,31.4332,35
2/25/1982,4.5,82.3659,31.5652,20
5/29/1982,4.5,83.2831,28.5413,35
6/10/1982,5,82.3734,31.6145,13.1
8/3/1982,4.7,85.7485,27.833,18
9/9/1982,4.7,82.0599,28.6956,35
9/9/1982,4.6,81.2717,28.5967,10
12/21/1982,4.8,81.4977,29.2411,33
12/21/1982,4.7,81.5016,29.2685,27
1/6/1983,4.7,82.0246,31.3641,35
1/27/1983,4.8,81.3339,29.0394,33
5/20/1983,4.3,80.1717,30.1254,16
8/23/1983,4.6,84.9205,28.1001,12
1/6/1984,4.7,84.8011,27.9114,12
1/25/1984,4.5,85.9953,27.539,19
2/19/1984,5.1,80.5653,29.8707,19.8
3/14/1984,4.9,81.2034,29.1103,35
4/15/1984,5,82.1867,31.7813,15.3
4/22/1984,4.9,84.2544,30.5602,26
5/18/1984,5.5,81.8721,29.4416,22.1
5/19/1984,4.7,81.7966,29.185,40
5/30/1984,4.7,83.9759,28.7379,35
9/15/1984,4.7,81.5237,29.5387,25.7
10/24/1984,4.3,80.2293,29.6257,35
11/23/1984,4.6,81.5632,29.5407,27
12/5/1984,4.7,81.6989,27.3121,10
12/18/1984,4.7,80.7506,29.41,17
1/30/1985,4.8,85.448,30.9332,31.6
2/15/1985,4.5,81.5133,29.8639,33
5/6/1985,4.8,82.374,28.4947,35
6/17/1985,4.7,82.2945,31.5659,35
6/21/1985,4.5,85.0121,31.9127,35
7/12/1985,4.7,82.1994,31.5015,35
7/12/1985,4.5,82.0849,31.4844,35
9/13/1985,4.6,84.0185,29.5883,35
10/21/1985,4.6,83.9134,28.8884,35
10/30/1985,4.5,82.9369,31.65,35
12/8/1985,5,86.464,30.7972,13.9
12/15/1985,4.5,86.2811,30.7529,26
12/23/1985,4.5,85.7274,27.6244,35
1/6/1986,4.7,85.3088,27.805,31.5
1/10/1986,5.5,86.631,28.778,59.6
1/25/1986,4.7,84.924,31.437,35
2/28/1986,4.6,81.6577,29.1489,33
6/20/1986,6.1,86.7831,31.1279,11.8
6/23/1986,4.8,86.6825,31.0232,35
6/25/1986,4.9,86.7434,31.1215,19.1
6/29/1986,4.7,86.7889,31.141,35
7/6/1986,4.3,86.8328,31.4135,35
7/19/1986,5.2,86.7621,31.0823,11.4
9/9/1986,5.3,85.1119,31.5474,4.8
9/9/1986,4.8,85.0538,31.561,35
9/16/1986,4.5,86.7,31.0703,26
9/16/1986,4.4,86.6229,31.1273,35
1/19/1987,5.3,83.6581,28.2134,29.4
1/19/1987,5,83.5861,28.3063,31
2/24/1987,4.5,81.5817,29.3384,27
4/23/1987,4.8,87.0041,27.9771,18
5/10/1987,4.7,87.1059,28.5659,35
8/9/1987,5.8,83.74,29.4693,65.5
8/21/1987,4.6,80.1346,31.6256,35
1/23/1988,4.5,81.6216,29.5027,27
2/12/1988,4.6,82.9047,30.3583,35
3/13/1988,4.1,81.1518,29.0285,35
4/9/1988,4.5,86.9036,29.6803,35
4/11/1988,4.8,85.8962,27.5348,19
4/20/1988,5.5,86.6691,27.0066,28.2
4/25/1988,4.8,86.602,26.9459,35
5/2/1988,4,83.845,27.1314,35
5/15/1988,4.9,80.4469,29.7072,23
6/12/1988,4.9,82.3853,28.5521,24.9
8/20/1988,6.5,86.6247,26.7162,58.1
8/24/1988,4.7,86.6177,26.6996,10
8/29/1988,4.7,87.6908,26.5172,10
9/2/1988,4.4,86.4409,26.6708,42
9/21/1988,4.5,85.5315,28.6417,47
10/24/1988,4.5,85.0731,31.6118,35
10/29/1988,5.6,85.6119,27.8135,15.4
11/14/1988,4.4,82.1336,30.0741,100
12/2/1988,4.4,81.404,29.4576,27
12/7/1988,4.7,83.2066,31.4579,35
12/15/1988,4.7,81.7832,29.2349,31
12/27/1988,4.5,87.8436,27.9056,71
5/22/1989,5.1,87.8377,27.4313,20
7/14/1989,4.4,84.8224,31.3445,35
10/10/1989,4.8,87.4849,28.2977,35
1/9/1990,5.6,88.1494,28.1354,61.8
1/10/1990,4.7,86.7221,26.6102,42
1/30/1990,4.3,85.5413,28.7159,47
2/9/1990,4.6,80.6443,29.7637,23
2/21/1990,4.8,82.4743,27.6949,35
2/27/1990,4.3,86.7679,31.3163,35
5/13/1990,4.3,88.1709,31.5289,35
5/20/1990,4.7,83.3423,28.426,35
5/20/1990,4.6,83.2164,28.3783,35
5/20/1990,4.6,83.2043,28.3222,35
10/14/1990,4.9,86.2846,30.753,26
10/14/1990,4.5,81.7218,29.2837,27
10/28/1990,4.4,81.5203,30.4322,36
11/9/1990,4.9,86.1341,30.8494,14.8
11/9/1990,4.8,86.2716,30.843,26
11/9/1990,4.7,86.2327,30.7259,26
12/20/1990,5,82.9714,28.1811,35
3/15/1991,4.7,87.561,28.3608,35
5/1/1991,4.1,82.2662,29.4379,21.4
5/18/1991,4.6,80.1148,31.6173,8.4
5/18/1991,4.6,80.077,31.539,35
5/20/1991,4.7,86.7712,31.0773,19.7
5/23/1991,4.5,86.7091,31.3459,12.2
5/26/1991,4.5,80.3523,29.4937,19
5/27/1991,4.7,80.3561,29.6947,27.8
6/1/1991,4.3,81.7161,28.8508,19
6/10/1991,4.5,80.3342,29.3489,35
6/15/1991,4.4,86.3796,31.1563,35
7/25/1991,3.9,85.39,31.627,35
12/9/1991,5.7,81.6044,29.5033,13.7
12/21/1991,5,87.97,27.8498,40.9
1/28/1992,4.3,81.6138,29.2742,10
1/30/1992,4.6,81.1045,29.301,17
3/24/1992,4.8,81.6125,31.6362,18.3
4/1/1992,4.6,86.9583,27.413,35
4/1/1992,4.4,83.7042,31.8321,35
4/4/1992,5.1,87.9235,28.1278,31.4
6/2/1992,5.2,81.897,28.9029,53.5
6/13/1992,4.7,82.8579,28.8371,35
8/9/1992,4.5,86.5067,28.6469,57
10/22/1992,4.3,80.6133,29.0299,10
11/26/1992,4.7,83.6975,31.5804,24.5
1/2/1993,4.9,81.0849,29.1628,12.6
1/8/1993,4.1,81.3196,29.0228,10
1/12/1993,4.8,80.3965,31.2376,16.9
1/13/1993,3.8,86.5346,28.4756,57
3/20/1993,5.8,87.4743,28.9776,15.1
3/20/1993,5,87.4514,28.9857,15.4
3/21/1993,4.5,87.58,29.0442,10
3/25/1993,4.6,80.5193,29.6851,19
3/31/1993,5.1,87.4065,29.0536,12.5
4/12/1993,4.4,82.8591,28.3782,35
7/3/1993,4.7,86.811,28.523,34
7/5/1993,4.8,85.0903,27.9816,14.4
7/5/1993,4,85.0735,27.9694,18.9
7/6/1993,4.8,82.3155,31.9242,25.7
7/14/1993,4.3,81.711,31.6917,35
7/17/1993,4.4,81.7809,31.8989,35
8/19/1993,4.5,80.135,30.2122,25.7
9/5/1993,4.6,87.2089,27.4252,29
9/12/1993,4.3,83.5861,30.8337,11
9/13/1993,4.6,83.669,30.835,10.6
9/16/1993,4.3,83.6881,30.8556,11
10/20/1993,5.2,82.2347,28.775,25.3
10/20/1993,5,82.237,28.7472,35
11/14/1993,4.7,80.1242,30.2028,16
12/14/1993,4.7,86.6976,28.2728,57
12/30/1993,4,87.5209,27.1909,21
1/31/1994,4.7,81.7733,29.4313,27
5/10/1994,4.3,83.9578,29.2471,35
5/25/1994,4.7,87.9305,27.7546,20
6/25/1994,4.3,85.9597,27.6164,19
7/4/1994,3.9,86.4776,30.7879,26
7/17/1994,5,81.402,29.2285,22.9
7/23/1994,5.1,86.5882,31.0055,8.2
7/31/1994,4.8,80.2025,31.669,10.9
8/1/1994,4.5,80.2109,31.8601,35
9/25/1994,4.1,87.174,27.9997,50
12/12/1994,4.5,80.5992,29.5864,19
1/1/1995,4.5,87.7283,27.9169,68
1/12/1995,4.2,88.1234,30.0656,37
1/19/1995,4.3,83.3714,28.3611,10.4
1/27/1995,4.1,81.3761,28.7786,51.1
1/29/1995,4.2,86.0787,26.633,56.9
1/30/1995,4,82.0467,29.0789,40
2/2/1995,4.4,88.0137,30.0924,37
2/4/1995,4.2,81.7351,30.9113,35
2/18/1995,4.2,85.7755,27.8391,14.9
3/16/1995,4.3,88.0822,30.021,37
3/16/1995,4.2,88.0442,30.1458,37
3/24/1995,4.3,87.2101,28.3366,105
3/29/1995,4.7,86.4566,28.4257,35
4/14/1995,4.2,87.9633,29.9423,37
4/17/1995,4.8,81.5201,29.5473,23.1
4/17/1995,4.7,81.4953,29.5753,21.3
4/18/1995,4.1,88.1348,30.2375,37
4/20/1995,4,88.0622,30.3579,41
6/28/1995,4.5,86.6336,30.915,10.9
7/28/1995,4.4,86.3485,30.7884,26
8/3/1995,4.5,81.5939,29.8808,38.9
8/7/1995,4.2,81.6048,29.7971,33
8/8/1995,4.2,81.7261,30.0854,33
9/30/1995,4.1,86.075,30.3302,35
10/4/1995,4.4,84.2861,28.1963,35
10/27/1995,4.4,83.5178,28.6508,31.2
11/25/1995,4.7,86.696,30.862,19.5
11/26/1995,4.3,86.7169,31.0303,26
12/11/1995,4,87.9684,28.5441,35
12/24/1995,4.1,86.1468,27.4742,17.2
1/11/1996,3.9,86.2949,28.7203,48.4
1/25/1996,4.4,86.8457,28.4938,34
2/7/1996,4.2,80.4923,29.6602,42.7
2/12/1996,4.2,87.9657,28.147,71
2/18/1996,4.1,84.0024,29.9438,42.3
3/12/1996,4.9,88.17,30.0368,13.7
3/13/1996,4.1,88.0413,30.0322,37
3/21/1996,3.9,88.1166,30.3431,37
3/27/1996,3.8,88.0941,29.9986,37
4/14/1996,3.8,83.8606,30.1188,35
4/26/1996,5.1,87.7573,27.823,17.6
5/10/1996,4.8,88.1127,29.9367,10.1
5/10/1996,4.4,88.1043,30.053,37
5/10/1996,4,87.9806,30.0367,37
5/11/1996,4.8,88.0987,29.9603,12.2
5/11/1996,4.2,88.0595,30.1963,37
5/11/1996,4.2,88.1323,30.108,37
5/13/1996,3.7,88.0836,30.0475,37
5/14/1996,4.1,87.9791,29.9656,37
5/14/1996,3.7,84.7352,29.5638,35
5/17/1996,4.3,88.0927,29.9395,37
5/17/1996,4.3,88.1183,30.1682,37
5/20/1996,3.6,87.7688,30.7829,35
5/21/1996,3.9,85.2959,31.5858,35
6/18/1996,4,86.9857,30.3045,35
7/3/1996,5,88.1958,30.0808,23.6
7/3/1996,4.3,88.1939,30.0835,38
7/3/1996,4,87.7557,30.1014,37
7/3/1996,3.7,88.1713,30.3771,37
7/4/1996,5,88.131,30.0676,22.8
7/4/1996,4.2,88.1031,30.2513,37
7/5/1996,4.2,87.9625,29.9809,37
7/8/1996,4,88.1976,30.3927,37
7/8/1996,4,88.1576,30.2119,37
7/10/1996,4.1,81.5216,29.1138,33
7/12/1996,4.3,88.0776,30.0604,37
7/12/1996,4.1,88.0528,30.1317,37
7/12/1996,3.9,88.0352,29.7149,37
7/12/1996,3.8,88.0031,30.0252,37
7/13/1996,4.3,88.0441,30.081,37
7/13/1996,4.2,88.0598,30.118,37
7/18/1996,4.5,88.1868,30.2932,37
7/22/1996,4.5,88.0654,30.1883,37
7/22/1996,3.8,88.0367,30.0731,37
7/23/1996,4,87.8622,31.3809,35
7/24/1996,3.9,87.8114,31.3881,35
7/31/1996,5,88.1921,30.0624,37
7/31/1996,4,88.0979,30.4096,41
8/7/1996,3.9,88.0378,30.223,37
8/7/1996,3.7,88.1701,30.0781,37
8/23/1996,3.9,88.1284,30.022,37
9/17/1996,4.1,81.6896,30.045,35
10/3/1996,4.3,87.4286,28.186,51.7
10/13/1996,4,86.8306,28.5074,50
11/4/1996,4.3,81.6339,29.1977,27
11/7/1996,3.7,88.0744,30.0705,37
11/8/1996,4.1,81.4302,29.2774,27
11/23/1996,3.7,88.0087,30.5933,41
11/26/1996,3.9,83.1133,30.649,35
12/22/1996,3.6,81.5369,28.79,35
12/29/1996,4.1,81.5272,29.5847,27
12/30/1996,5,86.7369,27.418,25
12/30/1996,3.7,86.5443,27.1768,35
1/3/1997,3.9,81.5934,29.2853,27
1/5/1997,5.5,80.6116,29.8171,24.2
1/5/1997,4,80.4895,29.6778,19
1/8/1997,4,80.4209,31.366,35
1/8/1997,3.7,87.9368,30.0852,41
1/16/1997,4.4,85.0311,31.5504,35
1/16/1997,3.8,85.3414,31.6786,35
1/25/1997,4.3,88.0095,30.1225,37
1/31/1997,5.2,85.2138,28.0508,13.8
1/31/1997,4.3,85.1189,28.02,12
1/31/1997,3.8,85.0189,27.944,12
2/1/1997,4.1,84.9831,27.9429,12
2/3/1997,4.3,85.0902,27.8234,18.6
2/3/1997,3.9,85.1387,27.9036,19.8
3/3/1997,4.5,86.1568,27.1615,43.9
3/22/1997,4.1,88.0278,29.8973,37
3/24/1997,4.5,85.0475,27.8778,12
4/5/1997,4.4,86.0503,30.0536,35
4/7/1997,4.2,86.5815,27.4865,35
5/2/1997,3.9,80.4144,29.3591,19
5/26/1997,3.6,86.893,27.6618,35
7/5/1997,4,87.0457,28.8958,35
8/16/1997,3.8,86.1625,29.9616,35
8/17/1997,3.9,87.5681,28.1202,68
9/13/1997,4,88.1919,29.9825,37
9/13/1997,3.9,88.0359,29.9881,35
9/15/1997,3.9,88.0752,30.0462,37
9/17/1997,4,83.5769,29.6046,35
9/18/1997,4.4,88.1235,28.6943,35
10/5/1997,3.9,88.1578,30.5473,41
10/11/1997,4.1,86.1436,27.6726,19
10/24/1997,4.8,82.3231,28.5047,35
11/3/1997,5.4,85.385,29.0365,10
11/4/1997,4.1,85.3461,28.8443,35
11/14/1997,3.7,88.1691,30.1185,38
11/19/1997,4,82.9541,31.9707,35
11/26/1997,4,85.7717,27.6126,19
11/27/1997,5.1,87.2609,27.5149,26
11/27/1997,4.1,87.1373,27.521,10
12/8/1997,4.9,87.2541,27.4914,24.9
12/8/1997,3.9,87.1394,27.4578,35
1/16/1998,4,86.1933,30.044,35
1/16/1998,3.8,86.2846,30.1284,35
1/19/1998,3.8,80.6156,29.6246,19
2/1/1998,4.1,87.1488,28.3093,10
2/12/1998,4.2,87.9195,26.9473,36
2/22/1998,4.9,85.5613,28.5832,45.2
2/22/1998,4.5,88.1143,30.2221,41
2/28/1998,4.3,87.6483,26.9786,24
3/15/1998,4.1,86.879,28.7766,35
3/18/1998,3.7,88.1993,27.1494,35
3/21/1998,3.8,86.3933,28.5764,57
3/27/1998,3.8,81.6302,30.0629,33
5/10/1998,3.9,81.9668,29.5592,31
5/13/1998,3.7,81.9448,29.5456,44.6
5/16/1998,4,84.6978,26.6277,35
5/20/1998,3.9,81.5431,29.5403,27
6/27/1998,4.9,85.6608,27.7173,19.6
7/15/1998,4.6,81.1765,29.2919,13.7
7/20/1998,4.5,88.1831,30.0567,13.9
7/20/1998,4.2,87.8976,30.1562,37
7/20/1998,3.9,88.1918,30.2346,37
7/20/1998,3.7,88.1234,30.2807,41
7/31/1998,4,87.8247,28.1453,71
8/1/1998,3.8,88.0541,30.2606,41
8/22/1998,3.9,84.3102,31.7114,35
8/24/1998,4,88.1835,30.1704,37
8/25/1998,4.3,88.178,30.0983,5.3
8/25/1998,4.2,88.1994,30.0268,45.9
8/25/1998,3.9,88.1548,30.1697,37
8/25/1998,3.8,88.1222,30.0674,37
8/29/1998,3.9,88.1901,30.0301,37
8/30/1998,4.8,88.1742,30.0221,30.4
8/30/1998,4,88.0415,30.0844,3.1
9/3/1998,5.6,86.9607,27.8233,8.6
9/3/1998,4.5,86.7696,27.5954,35
9/4/1998,4.1,86.8705,27.7176,35
9/4/1998,4,86.7313,27.6641,35
9/4/1998,3.6,86.8156,27.6332,35
9/6/1998,4.6,86.8374,27.8017,22.2
9/7/1998,3.8,87.016,27.8606,18
9/8/1998,3.9,87.0106,27.8288,1.2
9/11/1998,3.6,87.4124,28.7124,35
9/12/1998,4.1,87.1165,27.98,11.1
9/21/1998,4.1,88.0617,29.9422,37
9/26/1998,3.9,86.2274,27.6519,24.1
9/26/1998,3.9,82.0236,29.8541,21
10/2/1998,4,85.1927,29.2459,35
10/4/1998,3.8,83.9326,29.0537,35
10/13/1998,3.7,88.0692,29.8725,37
10/14/1998,3.8,87.0405,27.7972,18
10/16/1998,3.9,85.5902,28.0241,15
10/16/1998,3.8,88.0826,30.0488,37
10/24/1998,4,88.1886,30.3413,23.4
11/10/1998,3.8,80.2898,31.6052,35
11/14/1998,3.9,86.5214,31.0455,13.9
11/26/1998,5.2,87.8501,27.7404,60.8
12/1/1998,4.6,87.6308,27.8913,70.1
12/25/1998,4.2,86.2964,30.2245,35
2/1/1999,4.3,83.1759,28.4292,35
3/1/1999,3.7,87.1191,28.1329,18
3/19/1999,4.7,85.6106,27.7154,10
3/25/1999,3.9,87.3295,28.1969,10
4/7/1999,4.1,81.0326,29.5517,17
4/10/1999,3.7,88.0627,28.4579,35
4/22/1999,3.8,82.05,28.6769,35
4/24/1999,3.9,81.7546,29.3461,31
5/28/1999,4.2,81.0213,29.3588,17
6/3/1999,3.9,88.1376,30.076,37
6/13/1999,3.9,86.484,28.2815,57
7/3/1999,3.8,82.8604,30.9263,35
8/1/1999,5.1,86.7696,28.4503,82.6
8/10/1999,3.9,82.2521,31.5091,10
9/5/1999,4.3,87.4137,27.9932,100
9/5/1999,3.9,80.8967,30.7215,10
9/20/1999,3.8,88.0872,27.4774,35
10/3/1999,4.3,88.144,30.1467,35
11/16/1999,4.6,82.9138,30.5031,35
12/1/1999,4.4,81.4104,29.9516,33
12/21/1999,3.9,86.5418,31.0215,26
12/25/1999,4,87.9474,30.2249,41
12/30/1999,3.9,84.6125,31.1919,35
1/11/2000,4,86.6827,31.3839,35
1/20/2000,4.4,85.7695,27.8634,24.1
1/25/2000,4,86.7242,31.3905,35
1/25/2000,3.8,88.1672,27.4941,22
2/21/2000,4,86.578,28.483,57
2/26/2000,4.6,82.2046,28.4675,27.2
3/13/2000,4,87.7068,27.6608,100
3/13/2000,3.9,81.3352,29.2569,10
5/5/2000,3.9,81.4922,29.4719,27
5/23/2000,4,87.1636,31.0102,35
5/29/2000,4.4,87.1346,30.9496,35
5/29/2000,4,87.1945,31.026,35
6/2/2000,3.8,83.1035,28.1331,10
6/3/2000,4.3,87.2042,31.1239,35
7/3/2000,4.5,84.7643,31.3443,10
7/12/2000,4.3,83.5727,31.4344,35
9/2/2000,3.9,85.3048,28.1475,12
9/6/2000,4.1,86.8827,28.6507,50
10/8/2000,4.7,88.1803,30.3162,22.6
10/9/2000,4,81.7089,29.3223,31
10/26/2000,4.7,81.9216,29.2343,24.4
10/27/2000,4,81.1177,30.6694,10
10/30/2000,4.1,85.6,31.4061,35
11/5/2000,3.6,81.896,28.5596,10
2/27/2001,3.9,87.1554,28.5387,34
3/7/2001,3.9,84.4797,31.1707,35
3/13/2001,3.6,83.6987,28.8224,35
3/25/2001,3.8,85.5643,31.4522,35
3/26/2001,4.2,85.4463,31.3047,35
4/3/2001,4.6,86.0199,27.719,19.3
4/8/2001,3.9,88.1313,27.5376,20
4/12/2001,4.5,88.0355,29.9134,37
4/15/2001,4.1,81.4986,29.2594,27
4/28/2001,5.3,87.1612,28.8175,22.3
4/29/2001,4.6,87.1516,28.6872,34
5/28/2001,3.6,85.7493,29.4208,35
6/13/2001,4.5,85.9181,31.3861,35
6/13/2001,4.2,85.7713,31.4568,35
6/17/2001,3.7,80.6427,30.7491,35
7/2/2001,4.3,86.6762,30.5364,35
7/11/2001,3.9,81.443,29.3997,27
7/16/2001,5,84.8141,28.0451,8.9
7/16/2001,4.1,84.119,28.1948,35
7/25/2001,3.9,80.1552,30.173,16
8/6/2001,4,87.789,28.0372,63.9
9/13/2001,4.3,80.6014,29.7662,23
9/27/2001,4.3,87.742,26.861,32.5
11/7/2001,4.1,85.6024,30.2112,45.4
11/23/2001,3.8,87.6144,31.5821,35
11/27/2001,5.6,81.716,29.5812,22.6
11/27/2001,5.1,81.7425,29.3756,36.6
11/28/2001,3.9,81.696,29.4742,24.6
11/30/2001,4.6,81.6685,29.4541,14.8
11/30/2001,4.1,81.6452,29.471,13.8
12/2/2001,4.1,86.3195,31.3678,35
12/2/2001,3.7,86.1444,31.3002,35
12/3/2001,4,86.3092,31.4248,35
12/7/2001,4.1,80.8647,29.5244,17
12/7/2001,4.1,83.2953,31.8462,35
12/10/2001,4,88.0532,30.0864,37
12/18/2001,4.8,81.7213,29.5305,30.8
12/18/2001,3.7,87.7441,29.7864,35
1/19/2002,4,80.7883,29.0714,35
1/27/2002,3.6,87.9679,29.9481,37
1/31/2002,4,87.884,29.8346,37
2/3/2002,3.7,81.5037,28.775,33
3/7/2002,4,84.3599,29.7145,77.8
3/9/2002,4,80.027,29.9106,34.4
3/21/2002,4.2,87.9623,29.9778,37
3/23/2002,4.6,88.0468,29.9535,37
3/26/2002,4,87.9323,30.1336,37
3/27/2002,4,88.0574,29.8728,37
3/27/2002,3.7,87.7799,29.7541,37
3/29/2002,4,87.9136,29.9251,37
3/31/2002,4.3,87.9536,29.8607,37
4/2/2002,4.2,86.9501,29.177,5.5
4/2/2002,4.2,87.0569,29.2856,35
4/9/2002,3.9,88.039,30.0861,37
4/9/2002,3.7,88.1301,30.0988,37
5/2/2002,4.1,86.6271,27.6048,35
5/3/2002,4,86.5522,30.9682,26
5/3/2002,3.8,88.1286,27.2114,36
5/5/2002,3.6,84.008,30.6992,26
5/8/2002,3.8,86.5244,28.5384,100
5/9/2002,4.4,87.935,29.8541,37
5/11/2002,3.9,87.1769,30.9341,35
5/22/2002,4.1,81.9775,29.3263,31
5/27/2002,4,85.5429,31.4591,35
6/2/2002,4.2,83.5913,28.2015,15.5
6/4/2002,5.4,81.4251,30.496,16.2
6/4/2002,4.5,81.405,30.4564,36
6/4/2002,3.8,81.5646,30.353,33
6/4/2002,3.8,81.6304,30.219,33
6/4/2002,3.7,81.0317,30.0667,35
6/5/2002,4.2,81.322,30.4518,36
6/5/2002,3.9,81.4365,30.5003,10
6/5/2002,3.6,81.6558,30.4019,36
6/6/2002,4.5,81.3273,30.3942,36
6/6/2002,3.7,81.3142,30.602,36
6/6/2002,3.6,81.8394,30.3496,21
6/7/2002,3.8,81.6619,30.352,36
6/9/2002,4.2,81.3967,30.4448,36
6/11/2002,3.7,81.4704,30.5952,36
6/12/2002,3.9,81.657,30.3225,10
6/13/2002,3.8,81.6635,30.2572,21
6/16/2002,4.2,88.0528,29.8738,6.3
7/2/2002,3.9,84.5264,26.7297,35
7/9/2002,4.5,88.0161,29.9702,35
7/16/2002,3.7,87.8195,27.7759,48.1
7/18/2002,3.6,88.0584,28.2184,82.1
7/25/2002,4,88.1213,30.0888,41
8/1/2002,4.3,88.1114,29.881,8.6
8/5/2002,3.8,81.3651,30.2396,33
8/6/2002,4.6,88.0381,29.9412,37
8/9/2002,3.8,80.9122,29.0136,10
8/14/2002,3.9,81.6358,30.6766,10
8/14/2002,3.8,81.4039,30.4457,10
8/16/2002,3.8,87.9971,29.9179,37
8/18/2002,3.8,88.116,29.9384,37
8/22/2002,4.4,88.1495,29.8852,37
8/31/2002,5,88.0622,29.8564,10.5
8/31/2002,3.6,87.9515,29.9135,37
9/27/2002,4.4,88.0478,30.0573,37
9/29/2002,4,80.0793,29.9266,16
10/11/2002,4.3,88.0224,29.8841,37
10/20/2002,3.9,84.6958,31.0291,35
10/21/2002,4,84.4338,29.8406,10
10/23/2002,3.6,88.1139,27.5404,22.1
10/29/2002,4.1,87.7109,28.103,81.1
10/29/2002,3.9,88.193,31.1545,35
11/4/2002,4.2,82.151,28.5135,35
11/5/2002,4.7,86.6905,30.9101,26
11/13/2002,3.9,84.3226,31.0248,35
11/17/2002,4,87.8852,28.7295,35
11/20/2002,4,81.5323,29.4735,27
12/16/2002,4.2,87.9746,29.7707,37
12/27/2002,4.1,88.0928,29.9083,37
12/27/2002,3.9,87.934,29.8581,35
12/27/2002,3.9,88.0813,29.9019,37
12/30/2002,4.4,86.1826,30.6525,35
1/8/2003,4,83.1847,28.2146,35
1/16/2003,5,88.0952,29.8522,17.3
1/16/2003,4,88.0503,29.93,37
1/18/2003,4.3,82.0819,28.5994,35
1/20/2003,4,84.2944,29.2057,35
1/21/2003,4,88.0073,29.8674,37
1/22/2003,4,87.1894,28.5635,34
2/3/2003,3.7,83.0766,31.5886,35
2/25/2003,4.2,87.6093,28.5155,10
2/26/2003,4.3,86.3936,28.351,89.8
2/26/2003,4,87.8048,29.9262,37
3/21/2003,4.2,86.1527,30.6487,35
3/21/2003,4.2,80.6794,29.7213,23
3/28/2003,3.8,81.5502,30.3898,36
3/28/2003,3.8,87.0037,28.323,34
4/4/2003,4.7,80.0259,30.0461,23.7
4/19/2003,3.7,85.9608,30.8887,35
5/3/2003,4.5,81.3007,30.3901,36
5/18/2003,4,81.8246,29.2832,31
6/3/2003,4.4,86.1652,30.733,35
6/3/2003,3.8,86.1292,30.8135,35
6/3/2003,3.8,85.8946,30.3228,35
6/5/2003,3.9,86.2381,30.7167,10
6/23/2003,4.4,88.0558,27.7238,78.8
7/1/2003,4.2,86.5089,30.9629,18
7/8/2003,3.9,88.0516,27.2578,6
7/21/2003,4.2,86.0792,30.6072,35
7/21/2003,4,86.0436,30.7318,35
7/28/2003,4.2,82.1163,28.6935,29.5
8/2/2003,3.8,81.7508,29.8152,35
8/20/2003,4.4,82.2616,30.1014,80.9
8/28/2003,4,80.3878,30.2403,11
9/3/2003,4.6,80.2953,30.5987,11
9/9/2003,3.9,81.6285,29.6445,27
9/10/2003,3.7,86.9582,28.1677,35
9/24/2003,4,81.701,28.6654,35
9/29/2003,4.5,87.8184,27.2976,20
9/30/2003,3.9,85.5733,30.2828,35
9/30/2003,3.8,86.0701,30.572,35
10/1/2003,3.9,81.9656,29.2778,31
10/25/2003,3.8,84.9311,29.9228,10
11/5/2003,3.7,85.8953,27.777,19
11/11/2003,4,86.5049,29.9931,35
11/14/2003,4,85.9964,30.4649,35
11/15/2003,3.9,82.9656,30.2019,35
11/22/2003,3.9,83.8239,28.2315,35
11/22/2003,3.9,83.8328,28.1617,35
11/23/2003,4,83.8007,28.3798,24.2
11/30/2003,4.3,88.1186,28.7979,35
12/10/2003,4.4,83.3742,30.4846,40.2
12/11/2003,4.2,80.5358,30.4509,11
12/14/2003,3.9,80.6054,30.678,35
1/3/2004,4.9,85.9547,27.7714,19
1/6/2004,4.6,86.152,30.6999,35
1/6/2004,3.8,86.2865,31.0784,35
2/14/2004,3.8,80.7776,29.5163,17
2/18/2004,4.2,87.8299,27.2889,13.5
2/18/2004,4,80.7729,30.6048,35
2/20/2004,3.6,87.5284,28.1664,68
2/22/2004,3.6,81.1106,29.3661,17
2/27/2004,4.8,87.5611,28.2274,78.5
3/1/2004,4.6,80.3318,30.2846,11
3/1/2004,4,80.4411,30.695,11
3/11/2004,3.9,82.8269,30.4489,35
3/13/2004,3.7,82.3038,28.6928,35
3/31/2004,3.8,87.9742,27.449,20
4/3/2004,4.1,81.2922,29.4803,33
4/17/2004,3.9,80.8378,29.5113,17
5/5/2004,4,84.7498,31.4959,35
5/12/2004,3.7,85.2542,29.9937,35
5/21/2004,3.9,85.1975,30.541,35
5/29/2004,4.1,82.7489,28.4629,35
5/29/2004,3.8,82.8156,28.4966,35
5/29/2004,3.8,82.8278,28.4021,35
6/2/2004,3.6,87.6627,29.8471,35
6/8/2004,3.7,86.7254,30.0627,35
6/15/2004,3.6,81.3692,30.4477,10
6/24/2004,4.2,87.907,29.8415,37
6/25/2004,4.1,87.9454,29.927,37
6/26/2004,4,88.1062,30.0169,37
6/26/2004,3.8,87.8368,29.8315,35
6/26/2004,3.6,87.8136,29.8719,35
6/30/2004,4.4,87.9841,29.9081,37
7/1/2004,3.7,87.9606,29.9977,37
7/8/2004,4.2,88.014,29.7728,37
7/11/2004,5.8,83.7423,30.6066,10.7
7/11/2004,3.8,83.8301,31.0603,35
7/12/2004,4.6,83.8156,30.6115,22.4
7/12/2004,3.7,84.0574,30.7806,26
7/16/2004,4.1,84.0248,28.3736,8.1
7/16/2004,3.6,83.7203,30.6106,18
7/20/2004,4,85.8761,28.005,11.7
7/23/2004,4.7,88.061,29.9813,25.2
7/28/2004,5.1,83.5652,30.5728,27.1
8/10/2004,3.8,83.7612,30.4797,26
8/15/2004,4.1,84.6645,28.6753,10
8/21/2004,4.2,88.0911,29.9496,10
8/21/2004,4.2,87.9653,29.8865,37
8/25/2004,4.1,86.0063,30.1262,35
8/25/2004,4,84.06,30.841,35
9/6/2004,4.1,81.225,31.3777,35
9/9/2004,4,80.4374,29.3693,19.2
9/9/2004,4,81.5238,31.2466,35
9/12/2004,4.4,81.4338,29.341,27
10/5/2004,4.2,84.9644,31.6866,35
10/26/2004,6.1,81.1072,30.9689,4.6
10/27/2004,4.2,81.2283,30.7544,7
10/30/2004,3.7,83.6682,30.6136,18
11/3/2004,3.8,84.0758,30.5531,26
11/5/2004,3.8,86.6044,30.751,35
11/10/2004,4.5,87.7418,28.0111,71
11/17/2004,3.9,84.4825,28.0802,35
12/2/2004,3.9,83.4801,30.5997,18
12/5/2004,4.1,81.2646,30.5295,36
12/18/2004,3.6,83.805,30.6424,26
12/31/2004,3.8,85.9898,30.2325,35
1/15/2005,4.4,80.9638,29.4139,17
1/16/2005,4.8,80.649,29.575,19
2/8/2005,4.9,86.0788,27.7046,18.5
2/8/2005,4.2,85.9907,27.7853,14.3
2/8/2005,4.2,86.079,27.7048,17.7
3/5/2005,3.6,84.1313,28.2213,27.4
3/6/2005,4.6,83.7245,30.4738,18
3/19/2005,4.2,84.1672,28.0569,35
3/26/2005,4.8,87.8966,28.2527,54.7
3/29/2005,3.9,84.6927,28.0102,15.6
4/6/2005,3.6,86.217,30.4983,35
4/7/2005,6,83.6663,30.4877,11.9
4/7/2005,5,83.904,30.306,26
4/7/2005,3.9,81.6704,29.3495,23.1
4/8/2005,4.9,83.7028,30.3193,16.5
4/8/2005,4.1,83.5886,30.3091,18
4/8/2005,4,83.6112,30.1741,17
4/8/2005,3.8,83.7628,30.2348,26
4/8/2005,3.7,83.6579,30.4615,18
4/8/2005,3.6,83.8383,30.3326,26
4/8/2005,3.6,83.4868,30.3893,18
4/8/2005,3.6,83.3866,30.3285,18
4/9/2005,4.2,83.5524,30.2588,18
4/9/2005,3.6,83.6035,30.408,18
4/10/2005,4.3,83.5854,30.2386,18
4/10/2005,3.7,83.7054,30.2863,17
4/11/2005,3.8,84.0575,30.7793,35
4/21/2005,3.7,83.5403,30.2786,17
4/23/2005,3.6,83.9527,30.3222,26
5/8/2005,3.8,84.0227,30.3839,26
5/8/2005,3.6,83.9204,30.4421,26
5/10/2005,3.9,83.6227,30.4782,18
5/11/2005,4.4,85.0975,30.613,35
5/22/2005,4.4,83.6856,30.1901,17
5/22/2005,3.8,84.0645,30.303,17
5/29/2005,4,83.5912,30.2575,18
6/5/2005,3.9,83.5427,30.4008,18
6/14/2005,4.5,87.9004,27.2876,35
6/17/2005,3.9,83.6785,30.4417,18
6/24/2005,3.7,81.5353,29.3328,27
7/4/2005,3.7,83.5828,30.2361,17
8/1/2005,4,80.7344,29.6643,17
8/20/2005,5,88.0496,31.1851,29.1
8/20/2005,3.8,87.7002,30.8976,35
8/21/2005,3.6,80.8466,30.039,35
8/28/2005,4.8,87.3835,27.593,23.2
9/16/2005,3.8,81.6967,30.2392,36
10/3/2005,3.7,81.2229,31.0169,7
10/10/2005,3.9,83.3736,30.2117,17
10/14/2005,3.9,86.1697,28.1566,19
10/25/2005,4.8,81.0925,30.0829,35
10/25/2005,3.8,81.163,30.0739,10
10/25/2005,3.7,81.2379,29.8049,35
10/29/2005,4.4,81.5428,29.3635,27
10/30/2005,4,87.8803,27.762,88.7
10/31/2005,5.1,84.8935,28.4667,6.9
10/31/2005,4.9,81.7333,29.5384,28.1
11/6/2005,4.8,81.8078,29.7355,21
11/20/2005,3.7,80.0522,29.9312,26.1
12/10/2005,3.8,82.3432,29.0604,35
12/12/2005,4.5,82.0234,29.2966,31
12/25/2005,4,86.1805,28.6771,35
1/1/2006,3.8,86.5033,30.292,35
1/20/2006,4.5,84.9884,31.4268,57.7
1/30/2006,3.8,80.3163,30.2228,23
2/1/2006,4.8,80.3607,30.3308,19.3
2/3/2006,4.9,86.3768,27.2207,19.3
2/14/2006,4.5,80.3869,30.2216,11
2/19/2006,4.1,83.7614,28.2458,35
2/19/2006,3.9,83.7342,28.3101,11.7
2/21/2006,4.4,81.4099,29.263,27
4/1/2006,3.7,88.1037,31.1526,35
4/4/2006,4.1,85.79,27.8953,19.4
4/11/2006,3.6,87.6238,27.9847,55.1
4/15/2006,3.7,81.1485,29.5105,17
5/5/2006,4.9,80.8658,29.4599,17
5/5/2006,4,80.8775,29.3099,17
5/13/2006,3.9,83.4523,30.8888,11
5/29/2006,3.7,84.4041,30.3617,35
6/13/2006,3.8,80.2615,30.1043,23
7/20/2006,4.2,83.6545,30.1112,17
8/5/2006,4.4,80.1481,29.7804,25
8/15/2006,3.9,85.6278,29.4812,35
8/30/2006,3.8,83.4371,29.2241,35
9/19/2006,4.8,81.4951,29.5162,27
9/26/2006,4.6,80.5419,29.7739,23
10/4/2006,3.9,80.5719,29.7847,23
10/22/2006,4,83.5614,30.6787,18
10/27/2006,4.4,80.1159,29.9124,16
10/27/2006,4,80.5158,29.8792,23
10/28/2006,3.7,87.894,31.2054,35
11/12/2006,3.8,80.8387,29.6796,17
12/31/2006,4.3,87.9601,28.0024,61.9
12/31/2006,3.7,83.711,30.0665,17
1/20/2007,4.5,82.8073,31.1306,35
1/20/2007,4.4,82.9295,31.1424,35
2/6/2007,4.2,87.8092,27.9359,73.8
2/12/2007,3.8,81.3499,29.4005,27
2/15/2007,4.3,81.4415,29.4417,27
3/10/2007,4.3,81.2912,29.3469,27
4/6/2007,3.6,86.6885,28.4755,57
4/17/2007,3.7,87.8097,28.1859,68
5/6/2007,3.6,87.3985,27.224,30
5/16/2007,4.3,87.8899,27.2356,30.9
5/16/2007,4,87.747,27.2986,20
5/18/2007,4.6,88.1724,27.2128,39
5/25/2007,3.7,82.6717,31.201,35
5/25/2007,3.6,82.8025,31.2248,35
5/28/2007,3.6,87.7703,27.9717,68
6/9/2007,3.9,87.4307,28.3828,35
6/20/2007,3.7,80.5729,30.4428,11
8/1/2007,4.3,82.159,29.1465,37.6
8/3/2007,4.3,86.9086,27.0995,14.2
8/7/2007,3.7,87.1865,29.3915,35
8/9/2007,4,80.2634,31.3247,35
8/11/2007,5,87.6847,27.3474,17.8
8/11/2007,3.9,85.6492,28.6825,47
8/15/2007,3.8,85.2349,31.4329,35
9/1/2007,3.7,87.8618,27.8779,69.9
9/1/2007,3.7,85.5092,31.4301,35
10/18/2007,3.8,82.0594,29.748,21
10/29/2007,4.6,85.4148,27.9237,18
11/5/2007,4,84.5012,28.3109,1.7
11/7/2007,3.8,86.9681,28.058,74.9
2/12/2008,3.6,86.681,31.4866,35
2/23/2008,3.7,87.9436,27.3484,20
3/2/2008,4.2,81.9707,29.3624,31
3/5/2008,3.6,84.6262,28.3134,35
3/6/2008,4.2,87.7666,28.4498,35
3/29/2008,3.9,80.7064,29.8913,23
4/1/2008,4.2,86.9288,28.5659,60.7
4/8/2008,3.8,83.4263,28.4461,10
5/8/2008,4,87.6887,28.1028,89.9
5/20/2008,3.7,83.7328,28.3067,35
5/27/2008,3.8,85.3632,28.9041,35
6/7/2008,3.7,83.8552,30.6073,26
6/7/2008,3.6,83.6233,30.5618,18
6/10/2008,3.9,87.3307,31.4302,10
6/11/2008,3.7,86.8775,28.3841,34
6/15/2008,4.7,81.0027,29.4413,21.3
6/15/2008,3.6,82.7354,29.5835,35
6/20/2008,4.2,85.7151,27.9007,12.1
6/22/2008,3.6,85.7146,28.3866,65.9
7/31/2008,3.9,86.3978,28.406,57
8/1/2008,3.7,87.7321,28.3366,79.1
8/2/2008,4.1,81.6065,29.477,27
8/8/2008,4.5,83.9143,31.7993,35
8/19/2008,3.9,80.0563,29.981,16
8/20/2008,3.7,86.3982,31.5606,35
8/25/2008,6.1,83.6411,30.9704,23.9
8/25/2008,4.9,83.3251,30.7211,18
8/25/2008,3.8,83.269,30.5193,18
8/25/2008,3.7,83.1581,30.6791,10
8/25/2008,3.7,83.1705,30.6344,35
8/25/2008,3.7,83.3855,30.5044,18
8/26/2008,4.9,83.2672,30.6844,17
8/26/2008,4,83.242,30.7321,10
8/26/2008,3.9,83.4634,30.9654,11
8/26/2008,3.8,83.358,30.8515,35
8/26/2008,3.6,83.102,30.6118,35
8/26/2008,3.6,83.1693,30.7261,35
8/27/2008,4.6,83.3803,30.673,18
8/27/2008,4.4,83.4464,30.9692,11
8/27/2008,4.2,83.438,30.8421,11
8/27/2008,4,83.2887,30.7777,11
8/27/2008,3.8,83.3837,30.9027,11
8/28/2008,4.2,83.2372,30.5311,35
8/28/2008,4,83.1913,30.8224,10
8/28/2008,3.8,83.5111,30.7846,18
8/28/2008,3.8,83.181,30.6774,35
8/28/2008,3.6,83.652,30.951,11
8/29/2008,4.8,83.33,30.7172,15.1
8/29/2008,4.2,83.3752,30.7919,11
8/30/2008,4.5,83.46,30.8111,11
8/30/2008,4.2,83.4142,30.9155,11
8/30/2008,3.6,83.3322,30.9451,11
8/31/2008,4,83.3098,30.6844,18
8/31/2008,3.8,83.3006,30.8551,11
9/1/2008,4.5,83.5226,30.9091,11
9/1/2008,3.8,83.6761,30.9074,11
9/2/2008,3.6,82.9938,30.4937,35
9/2/2008,3.6,83.1512,30.7136,35
9/4/2008,5.1,80.3329,30.2643,11.9
9/4/2008,4.1,83.3015,30.7359,11
9/4/2008,3.7,83.1501,30.6134,35
9/5/2008,3.7,83.4679,30.6788,18
9/5/2008,3.7,83.2883,30.8511,35
9/7/2008,4,83.278,30.5297,18
9/7/2008,3.8,83.3528,30.7248,18
9/10/2008,5,83.4074,30.8106,22.8
9/10/2008,4.9,83.5315,30.8706,11
9/10/2008,4.7,83.4194,30.7595,11
9/11/2008,4,83.3046,30.7848,11
9/14/2008,3.8,83.0271,30.4967,35
9/15/2008,4.2,83.3894,30.8646,11
9/15/2008,3.7,83.1802,30.8046,35
9/19/2008,4,86.5144,28.6476,59.9
9/19/2008,3.7,83.3217,30.6987,11
9/20/2008,3.9,83.7721,31.1371,35
9/20/2008,3.9,83.555,30.8656,11
9/25/2008,5.5,83.5989,30.7875,10.2
9/25/2008,3.6,84.1217,30.8582,10
9/25/2008,3.6,83.7633,30.7045,26
9/25/2008,3.6,83.4527,30.6427,18
9/28/2008,3.6,83.4175,30.6362,18
10/5/2008,3.8,83.2035,30.6795,10
10/5/2008,3.6,83.3343,30.6763,18
10/7/2008,3.9,87.7825,27.5148,17.5
10/9/2008,3.6,83.5408,30.8894,11
10/10/2008,3.6,83.6783,31.094,11
10/13/2008,3.7,83.8422,31.1623,35
10/17/2008,3.8,83.3767,30.4231,18
10/22/2008,3.8,83.4748,30.5095,18
10/24/2008,4.1,83.6642,31.0061,11
10/25/2008,3.8,83.5851,30.8952,11
10/29/2008,4,83.5875,30.4076,18
11/3/2008,4.1,83.5432,30.8637,11
11/6/2008,3.6,84.5951,30.4797,35
11/10/2008,3.7,82.0846,28.7588,10
11/14/2008,4.4,83.6892,30.3403,18
11/14/2008,3.7,83.8949,30.2512,35
11/14/2008,3.6,83.5459,30.1135,17
11/15/2008,3.6,83.4613,30.1562,17
11/17/2008,4.6,88.1512,29.1842,10
11/18/2008,4.7,83.7387,30.3292,18
11/19/2008,3.8,83.6497,30.2747,18
11/19/2008,3.7,83.2445,30.7081,35
11/25/2008,4.2,83.6588,30.7895,11
11/25/2008,4.1,83.4507,30.5897,18
11/27/2008,3.8,83.2974,30.7672,11
11/28/2008,3.6,83.559,30.9037,11
12/1/2008,3.7,85.3096,28.1051,35.6
12/2/2008,4.7,87.97,27.3058,20
12/4/2008,4,83.3155,30.6553,18
12/8/2008,5.4,82.0962,29.9219,14.4
12/19/2008,3.7,82.0406,29.7755,21
12/22/2008,3.7,84.286,28.3644,35
12/24/2008,3.6,83.3413,30.8091,11
12/26/2008,3.8,81.9951,29.8689,21
1/1/2009,3.8,83.4268,30.8746,11
1/23/2009,4.1,81.6594,28.7275,35
2/13/2009,3.6,84.0803,30.5678,26
2/18/2009,4.6,83.7394,30.6023,26
2/24/2009,4,86.5101,28.731,68.8
2/25/2009,4.1,83.678,30.9219,11
3/9/2009,3.7,83.5678,30.6662,18
3/16/2009,3.8,87.8019,28.113,73
3/17/2009,3.6,83.6235,30.6413,18
3/17/2009,3.6,83.7396,30.8043,18
3/18/2009,4.1,83.6903,30.6057,18
4/9/2009,3.7,80.4145,30.3712,11
5/13/2009,3.6,84.7568,28.1821,0.1
5/14/2009,3.7,87.2895,27.486,22.8
5/18/2009,3.9,87.9655,27.9369,56.1
5/29/2009,4.1,86.6595,30.8128,26
6/1/2009,3.9,88.0606,29.8593,37
6/2/2009,3.6,80.4168,30.4103,11
6/6/2009,4.6,86.1887,30.9132,8.8
6/11/2009,3.8,83.6215,30.7365,18
6/30/2009,3.7,83.3707,31.2594,35
7/4/2009,3.7,83.8992,30.4194,26
7/24/2009,5.8,85.9269,31.1664,14.2
7/24/2009,4.2,85.8618,31.0132,35
8/2/2009,3.9,83.6746,30.8665,11
8/10/2009,3.8,83.595,30.9273,11
8/27/2009,3.6,80.0401,29.8642,16
9/9/2009,3.9,87.2197,27.9087,25.3
9/19/2009,3.9,80.3835,29.7561,23
9/29/2009,4.7,83.4299,30.916,14.2
10/9/2009,3.9,87.2587,28.3564,43.1
10/19/2009,4,85.9082,31.0964,35
10/30/2009,4.2,84.6737,29.6407,24.2
11/1/2009,3.9,82.1359,29.9991,21
11/7/2009,5.6,86.0503,29.5388,18.4
11/8/2009,3.7,82.1895,30.0629,21
11/20/2009,5,83.4224,30.6755,14.6
11/22/2009,4,82.1347,28.8355,40
12/8/2009,3.8,80.2662,30.3495,11
12/16/2009,4.4,81.482,29.4127,27
12/28/2009,4.2,83.8105,30.6305,26
1/1/2010,4.7,83.7887,30.612,26
1/2/2010,4,83.7412,30.6045,18
1/5/2010,3.6,80.1697,30.0341,16
1/7/2010,3.7,83.8129,30.8833,10
1/11/2010,3.9,80.4693,29.8069,23
1/26/2010,3.8,80.3363,29.9909,23
1/30/2010,3.6,88.0536,28.028,71
2/7/2010,3.6,81.3674,29.5963,13.9
2/19/2010,4.2,83.7506,30.5683,18
2/20/2010,3.6,83.6026,30.5089,26
2/22/2010,4.6,80.0846,30.0106,16.5
2/22/2010,3.8,83.8354,30.6638,26
2/25/2010,4.3,81.6654,29.7094,33
2/25/2010,3.7,81.5805,29.4466,27
2/26/2010,5.5,86.7608,28.4699,74.7
2/26/2010,3.7,83.5407,30.6925,18
2/27/2010,3.9,86.1464,28.2639,19
2/28/2010,3.8,86.7134,28.4701,70
3/1/2010,3.7,81.6303,29.5815,27
3/9/2010,4,83.8406,30.5213,26
3/15/2010,4.8,81.8975,30.5152,13.8
3/15/2010,4.1,81.9068,30.7222,35
3/15/2010,3.8,82.1193,30.8799,35
3/20/2010,3.8,81.5818,28.9895,33
3/23/2010,4,83.8585,30.5317,26
3/27/2010,3.9,87.805,27.7579,68
4/13/2010,3.6,81.3823,29.3846,27
5/1/2010,4.4,80.008,30.0667,43.5
5/13/2010,3.7,84.4977,28.3035,35
6/2/2010,3.9,80.2372,31.3823,1.2
6/13/2010,4.5,81.435,29.4522,16.5
6/13/2010,4,81.5679,29.6889,27
6/22/2010,5.1,80.466,29.8773,17.3
7/4/2010,4.6,80.3974,29.8446,5.4
7/5/2010,4.6,80.4777,31.0445,9.5
7/6/2010,5.2,80.4282,29.7903,19.4
7/7/2010,3.7,80.5856,31.2326,35
7/10/2010,4.6,86.9554,29.3131,42.3
10/5/2010,3.9,88.1393,27.1748,36
10/17/2010,4.9,85.6773,28.6015,52.7
10/18/2010,4.2,85.6236,28.5418,75
10/27/2010,3.7,84.5658,31.1212,35
11/4/2010,3.8,84.2828,30.9047,35
11/7/2010,4,84.3545,30.7266,35
11/8/2010,4,84.0817,30.7097,26
11/10/2010,3.9,84.3447,30.844,35
11/11/2010,3.8,84.3668,30.8313,35
11/25/2010,4.2,82.7814,28.51,35
12/29/2010,5.2,86.5105,30.8714,16.4
12/29/2010,4.1,86.7314,30.8871,26
1/8/2011,4,86.5586,31.2724,10
1/15/2011,3.8,86.5939,31.1234,26
1/18/2011,3.6,85.8297,28.0386,19
2/7/2011,3.9,87.8694,28.0425,71
2/13/2011,4.3,86.944,27.3643,30.9
2/15/2011,3.6,83.5123,31.0248,11
2/17/2011,3.6,81.002,29.488,17
2/22/2011,3.6,87.2992,27.6399,35
3/10/2011,3.6,85.372,28.0534,18
3/22/2011,3.9,83.0546,28.3355,35
3/26/2011,4,86.6233,27.6401,10
4/4/2011,5.6,80.7289,29.6265,17.4
4/5/2011,3.6,80.4896,29.9588,23
4/15/2011,3.7,87.3065,27.8952,50
4/21/2011,3.6,80.8277,29.6858,17
4/22/2011,3.6,81.2533,30.0637,33
5/4/2011,4.6,80.4146,30.2162,23
5/24/2011,4.2,85.4541,30.0503,35
6/3/2011,4.8,87.8417,27.4545,30.2
6/15/2011,3.7,81.0351,29.6939,17
6/23/2011,4,80.6046,29.925,23
6/25/2011,3.7,87.5894,28.3414,35
7/12/2011,3.9,83.6092,30.3597,18
8/11/2011,4.3,86.7755,29.9475,35
8/15/2011,4,86.2685,27.293,15.9
8/19/2011,3.6,81.4803,29.613,27
8/25/2011,3.9,82.7041,28.4985,10
9/18/2011,6.5,88.1536,27.8039,29.6
10/2/2011,3.8,81.9408,29.5717,10
11/6/2011,3.6,80.3681,30.204,11
11/12/2011,4,84.8941,28.1754,40.1
11/16/2011,3.7,82.9973,30.2432,10
12/1/2011,4.9,83.7168,31.7285,8.5
12/8/2011,3.7,83.1295,28.5529,10
12/14/2011,4,88.0951,27.6897,82.4
12/22/2011,4.4,86.2555,31.7517,10
12/24/2011,3.8,86.4303,31.9203,10
12/30/2011,4.3,87.7492,28.5109,31.6
1/11/2012,3.6,81.8361,28.8514,10
1/13/2012,3.6,80.4719,30.2621,11
1/19/2012,3.9,82.023,29.4743,32.3
1/28/2012,3.7,87.2048,28.0693,1
2/21/2012,3.7,88.1549,27.5157,10
2/26/2012,4.2,81.0045,29.6138,17
2/26/2012,3.7,81.1473,29.5294,17
3/18/2012,3.8,86.8405,27.9386,10
3/19/2012,4,82.225,28.8469,35
3/27/2012,4.9,87.7014,26.0069,30.5
4/11/2012,3.6,81.4059,29.6531,27
4/29/2012,3.8,88.0908,28.1456,35
5/5/2012,3.6,83.7221,28.3665,54
5/27/2012,4.6,83.4547,30.6655,18
5/27/2012,3.8,83.2705,30.7815,11
5/27/2012,3.6,83.4,30.6852,18
5/30/2012,4.1,88.0558,27.3269,19.4
6/9/2012,4.8,84.0924,28.2945,18.9
6/9/2012,3.8,86.7761,28.4517,10
6/28/2012,3.9,82.2772,31.9154,10
7/2/2012,4,87.9652,29.9356,37
7/3/2012,4.7,88.0883,29.9577,22.5
7/11/2012,3.9,81.3255,29.462,27
7/22/2012,4.8,87.9374,29.9104,32
7/23/2012,4.1,87.8503,29.7614,37
7/28/2012,4.4,80.599,29.8516,23
7/31/2012,4.3,82.3679,28.5823,25.3
7/31/2012,4.3,82.4026,28.6454,32.3
8/1/2012,3.7,85.468,29.964,35
8/9/2012,4.6,86.7939,28.4425,67.1
8/9/2012,3.8,86.8208,28.5087,34
8/11/2012,4.2,86.8871,28.5504,58.9
8/23/2012,4.9,82.6747,28.4196,23.9
8/24/2012,4.3,82.5855,28.288,23.5
8/24/2012,3.8,82.6375,28.3881,35
8/28/2012,4,82.0019,28.8003,10
8/29/2012,3.9,82.7008,28.444,35
8/30/2012,3.7,82.4123,28.7073,13.6
9/8/2012,3.6,88.0515,29.881,37
9/17/2012,3.8,82.3172,28.6765,35
9/24/2012,4,84.2844,30.9325,35
10/2/2012,3.6,83.7759,30.4265,26
10/14/2012,4,84.8957,31.9782,10
10/22/2012,3.6,87.8421,27.7913,81.2
11/5/2012,4.5,86.2047,28.3521,74.9
11/11/2012,4.6,81.4466,29.4053,27
11/12/2012,3.6,81.6883,29.6441,27
12/7/2012,3.6,83.6333,28.5605,35
12/9/2012,3.8,88.1683,30.1138,35
12/29/2012,4,88.1544,30.0289,37
1/2/2013,4.7,81.1469,29.3814,17
1/5/2013,4.7,86.4717,31.2849,35
1/5/2013,3.7,86.3109,31.1965,26
1/9/2013,5.1,81.6978,29.7268,15.5
1/9/2013,3.8,86.5457,31.2726,26
1/9/2013,3.8,88.0114,29.9647,37
1/9/2013,3.6,86.5764,31.2007,26
1/10/2013,4,80.4765,30.0465,23
1/17/2013,3.8,81.433,29.3514,27
1/29/2013,3.7,80.653,29.7321,19
2/2/2013,3.7,87.9638,29.8847,10
2/4/2013,3.7,86.5396,28.5195,100
2/5/2013,3.7,87.2601,28.1337,10
2/7/2013,3.8,81.009,29.4716,17
2/21/2013,4,87.8931,29.9609,10
2/21/2013,3.7,87.9525,29.916,37
3/6/2013,4.8,82.2308,28.6657,16.2
3/31/2013,3.7,87.1646,28.8879,35
4/6/2013,4.5,88.1355,30.0663,49.5
4/19/2013,4,87.9788,27.4611,10
4/25/2013,3.7,80.6561,29.8386,23
4/28/2013,3.6,81.3859,29.5272,27
5/13/2013,4,86.4312,31.4534,10
5/14/2013,4,82.1282,29.6125,27
5/14/2013,3.6,81.3257,29.7308,10
5/15/2013,5.1,86.5282,31.4443,35
5/15/2013,4.1,86.5307,31.3763,35
5/15/2013,3.6,86.2428,31.2343,26
5/15/2013,3.6,86.3732,31.2461,35
5/16/2013,5.1,86.5112,31.4421,35
5/16/2013,4.2,86.4024,31.2261,26
5/16/2013,3.7,86.7905,31.4529,35
5/16/2013,3.6,86.2009,31.3037,35
5/17/2013,4.5,86.3655,31.4109,10
5/17/2013,3.7,86.2835,31.3581,35
5/17/2013,3.6,86.5176,31.4691,35
5/18/2013,3.8,88.089,29.9837,37
5/18/2013,3.7,86.6118,31.3988,10
5/22/2013,3.6,84.7927,31.8422,35
5/26/2013,3.6,85.3545,27.6959,10
5/29/2013,3.8,87.7846,28.4653,43.3
6/27/2013,4.1,80.4596,30.0895,10
6/27/2013,3.8,88.1489,30.0937,37
6/28/2013,5,82.2897,28.7098,19.7
7/15/2013,4.5,87.6585,28.3949,52
7/17/2013,3.6,83.2794,31.7002,35
8/2/2013,4,87.9659,30.0044,37
8/6/2013,5.1,86.4655,31.3802,18.9
8/6/2013,4.6,86.5786,31.5167,10
8/30/2013,4.8,85.9848,28.2266,62
8/30/2013,3.9,85.9321,28.2729,52.4
9/4/2013,3.8,87.559,28.3856,35
9/12/2013,3.7,87.2876,26.9176,13.4
9/15/2013,4.5,83.2395,30.9127,10
9/22/2013,4,86.4069,31.4277,10
9/22/2013,3.7,81.6035,30.0174,33
9/29/2013,3.7,87.8279,29.6735,10
10/12/2013,3.6,82.0217,29.9511,21
10/26/2013,3.8,86.569,29.0718,4
11/3/2013,3.9,81.8643,29.4112,31
11/21/2013,3.6,86.8756,31.4901,35
11/26/2013,3.9,86.6125,31.4433,10
12/6/2013,3.9,88.1173,30.0537,10
12/8/2013,4.2,87.6792,27.8584,35
12/16/2013,3.6,81.3284,29.396,27
1/22/2014,3.6,88.1554,29.7544,10
2/4/2014,3.6,85.5205,30.1631,10
2/11/2014,3.9,81.9648,28.8488,40
2/15/2014,3.6,83.5633,30.9502,11
3/30/2014,5.3,86.4724,31.3446,12.6
3/31/2014,3.7,82.0488,29.5501,10
4/11/2014,3.8,81.6707,29.3457,27
4/12/2014,4.2,86.4184,31.5092,35
4/22/2014,3.6,87.2073,30.4612,35
4/27/2014,3.7,83.267,30.87,11
5/14/2014,3.8,80.834,29.6215,17
5/29/2014,3.8,83.3677,30.5929,18
6/7/2014,4,81.6054,30.2417,10
6/9/2014,4.3,88.0874,27.3591,20
6/11/2014,3.8,86.3819,31.3857,10
6/13/2014,4.2,86.2435,29.3584,10
7/3/2014,3.8,80.5241,30.1732,10
7/4/2014,4,87.9974,27.7636,20
7/6/2014,3.9,80.3489,30.244,10
7/7/2014,3.9,81.0511,29.3176,17
7/11/2014,3.9,86.496,30.923,10
8/3/2014,5.1,85.4875,29.1941,3.4
8/3/2014,4.1,85.4999,29.232,10
8/3/2014,4,85.5039,29.0814,9.6
8/3/2014,3.9,85.46,29.1516,10
8/3/2014,3.7,85.1599,28.9616,35
8/12/2014,3.8,87.9466,29.8577,10
8/22/2014,3.8,88.0868,27.9675,99
8/29/2014,3.9,87.8664,29.8416,37
9/17/2014,4,87.9131,27.8015,49.3
10/1/2014,4,82.1991,30.3305,35
10/29/2014,4,86.5672,31.1025,26
11/13/2014,3.8,84.738,31.3631,10
11/25/2014,4.4,84.8313,28.1193,11.5
12/7/2014,3.6,85.4182,29.443,10
12/18/2014,4.9,86.4217,27.6353,15.1
12/19/2014,3.6,80.9473,31.3834,35
12/22/2014,3.6,81.1178,31.4762,35
12/26/2014,4.8,87.4424,28.4368,73.1
12/28/2014,3.7,81.1865,29.5191,10
1/5/2015,4.3,81.6695,28.9319,33
1/22/2015,4.2,80.9678,29.2726,10
1/31/2015,4.8,84.0151,28.2871,10
2/13/2015,3.8,80.5357,31.286,35
2/14/2015,4.1,80.4558,31.3457,35
2/22/2015,3.7,81.377,28.4246,35
4/2/2015,4.5,86.3875,28.7562,80.5
4/21/2015,5,82.359,28.8557,22.7
4/21/2015,3.8,82.2863,29.035,10
4/22/2015,4.2,82.3409,28.8436,22.8
4/23/2015,3.7,87.9634,27.1653,36
4/25/2015,6.9,84.7168,28.1302,13.4
4/25/2015,5.6,87.2873,28.3483,9.3
4/25/2015,5.3,85.8625,28.2579,9.9
4/25/2015,4.6,85.3406,27.339,10
4/25/2015,4.5,85.4364,27.178,10
4/25/2015,4.5,83.9727,26.6398,10
4/25/2015,4.1,86.0342,27.3788,19
4/25/2015,4,86.0363,27.5029,19
4/25/2015,3.9,85.9934,27.5098,28.7
4/25/2015,3.9,85.9742,27.4645,10
4/25/2015,3.8,86.1414,28.8846,10
4/25/2015,3.7,85.6319,27.3511,10
4/25/2015,3.7,85.3869,28.0611,18
4/25/2015,3.6,85.5936,28.1271,18
4/25/2015,3.6,87.466,28.6206,10
4/25/2015,3.6,85.7688,27.2775,10
4/26/2015,5.6,85.8233,27.7996,16.8
4/26/2015,4.4,84.5952,28.1409,13.3
4/26/2015,4.4,84.8683,28.0537,12.6
4/26/2015,4.2,84.744,28.1767,15.5
4/26/2015,4.2,84.9604,28.0373,22.8
4/26/2015,4.2,85.5492,27.5249,15
4/26/2015,4.1,85.9551,26.9317,10
4/26/2015,4,84.959,27.8147,12
4/26/2015,4,85.3979,28.2514,10
4/26/2015,4,85.3983,28.0161,18
4/26/2015,3.9,85.32,27.5297,10
4/26/2015,3.9,84.8838,28.1547,10.2
4/26/2015,3.9,87.297,28.4291,10
4/26/2015,3.9,85.2164,27.8009,12
4/26/2015,3.9,86.1223,27.6438,19
4/26/2015,3.8,85.2777,27.857,10
4/26/2015,3.7,85.1871,27.9948,12
4/26/2015,3.7,85.6547,27.9754,18
4/26/2015,3.7,87.1957,28.4003,10
4/26/2015,3.7,85.0754,27.6622,10
4/26/2015,3.7,84.5423,28.0019,10
4/26/2015,3.6,84.8374,28.3152,10
4/26/2015,3.6,84.7076,27.9282,10
4/26/2015,3.6,84.5891,27.7946,10
4/26/2015,3.6,84.9764,27.7401,10
4/26/2015,3.6,85.2251,27.6562,10
4/26/2015,3.6,85.2439,27.7279,10
4/27/2015,5.2,88.0797,26.8348,19.6
4/27/2015,4.7,84.8034,27.986,12.8
4/27/2015,4.3,83.7342,31.9005,10
4/27/2015,4.3,88.0284,31.5037,10
4/27/2015,4.3,85.3808,27.9719,13.2
4/27/2015,4.2,85.2232,27.6616,11.1
4/27/2015,4.1,85.0651,27.7631,11.4
4/27/2015,4.1,84.7047,27.8817,10
4/27/2015,4.1,85.6691,27.7088,10
4/27/2015,4,85.113,28.076,19.1
4/27/2015,4,85.4092,27.7837,18
4/27/2015,4,85.9361,27.7836,15
4/27/2015,4,85.714,27.5879,10
4/27/2015,3.9,85.836,27.5646,19
4/27/2015,3.9,84.9524,28.0383,12
4/27/2015,3.8,85.8196,27.4969,19
4/27/2015,3.8,84.9395,27.9133,12
4/27/2015,3.8,84.9013,27.7068,10
4/27/2015,3.8,85.7314,27.858,10
4/27/2015,3.7,85.3299,27.8437,18
4/27/2015,3.7,85.268,27.8524,18
4/27/2015,3.6,85.6872,27.8369,18
4/27/2015,3.6,85.4054,27.8952,18
4/27/2015,3.6,87.9941,28.9149,10
4/27/2015,3.6,84.626,28.0389,17.3
4/28/2015,4,85.6948,27.524,10
4/28/2015,3.9,85.6559,27.6845,10
4/28/2015,3.9,85.5034,27.5985,10
4/28/2015,3.9,85.8429,27.7938,19
4/28/2015,3.9,85.1405,27.8177,12
4/28/2015,3.8,85.9343,27.8891,19
4/28/2015,3.8,85.8793,27.6164,19
4/28/2015,3.8,85.2635,27.8971,18
4/28/2015,3.8,85.6976,27.7502,18
4/28/2015,3.7,85.6689,28.0128,18
4/28/2015,3.7,84.5135,27.8914,10
4/28/2015,3.7,86.9654,28.1192,18
4/28/2015,3.7,85.322,28.0208,18
4/28/2015,3.6,84.9491,28.046,12
4/28/2015,3.6,85.8147,27.5372,19
4/29/2015,4.5,85.4697,27.8376,18.6
4/29/2015,4.4,87.3013,28.3976,35
4/29/2015,4.3,85.544,27.7561,18
4/29/2015,4.2,84.8172,27.7811,12.2
4/29/2015,4.1,84.7761,28.173,7.7
4/29/2015,4,87.4423,28.3757,35
4/29/2015,3.9,85.9788,27.7813,19
4/29/2015,3.8,86.0047,27.5072,19
4/29/2015,3.8,85.7196,27.4481,10
4/29/2015,3.7,84.0484,28.3723,10
4/29/2015,3.7,87.5358,28.3514,35
4/30/2015,4.2,84.8007,27.9261,10.3
4/30/2015,3.8,85.3408,28.0031,18
4/30/2015,3.8,85.8303,27.9748,19
4/30/2015,3.8,85.9737,27.6527,19
4/30/2015,3.7,87.5405,28.317,10
5/1/2015,4,85.7785,27.907,10
5/1/2015,4,85.6376,27.6921,10
5/1/2015,3.9,85.8744,28.3339,10
5/1/2015,3.9,87.365,28.4502,35
5/1/2015,3.9,85.4419,27.8376,18
5/1/2015,3.8,85.3658,28.0217,10.8
5/1/2015,3.8,84.6419,28.008,10
5/1/2015,3.7,86.0117,27.4644,19
5/1/2015,3.6,85.8086,27.3952,19
5/1/2015,3.6,84.7942,28.0214,12
5/1/2015,3.6,85.9265,28.1532,19
5/2/2015,4.8,84.6777,28.2074,15.8
5/2/2015,4.3,85.8817,27.5284,11.1
5/2/2015,4.1,85.3592,27.8416,18
5/2/2015,3.9,85.4703,27.5401,10
5/2/2015,3.8,85.2105,27.3631,10
5/2/2015,3.8,85.9152,27.7992,19
5/2/2015,3.8,85.5511,27.7695,10
5/2/2015,3.7,86.0667,27.4187,19
5/2/2015,3.6,87.1415,28.243,18
5/2/2015,3.6,84.7747,27.8539,12
5/2/2015,3.6,84.8313,28.0151,12
5/3/2015,4.2,85.0463,27.7371,13.2
5/3/2015,4.2,85.7858,27.6074,10
5/3/2015,4,87.5431,28.048,10
5/3/2015,3.8,84.6702,27.7947,10
5/3/2015,3.7,85.3528,27.5408,10
5/3/2015,3.6,84.6853,28.254,10
5/3/2015,3.6,84.9402,27.725,10
5/3/2015,3.6,84.7603,27.8143,7.6
5/3/2015,3.6,85.436,27.7064,35
5/3/2015,3.6,84.8329,27.9832,12
5/4/2015,4.4,85.9111,27.4753,19
5/4/2015,4.2,85.8831,27.7824,10
5/4/2015,4,86.1234,27.742,11.6
5/4/2015,3.9,85.9459,27.6716,19
5/4/2015,3.8,85.6196,27.6733,10
5/4/2015,3.8,85.2743,27.8619,18
5/4/2015,3.7,86.29,27.6966,10
5/5/2015,4.1,86.0147,27.658,18
5/5/2015,3.9,85.9294,27.8399,12.2
5/5/2015,3.7,84.9062,27.9849,12
5/6/2015,3.8,85.5315,27.4894,10
5/6/2015,3.7,84.7955,28.0942,12
5/6/2015,3.7,86.4597,28.5825,57
5/6/2015,3.6,84.4097,27.7262,10
5/7/2015,4,85.6087,27.9264,18
5/7/2015,3.7,85.2186,27.7958,12
5/8/2015,4.8,85.9302,27.5571,14.3
5/8/2015,3.9,85.7737,27.6129,19
5/8/2015,3.9,85.7581,27.6727,8.3
5/8/2015,3.9,85.0648,27.9755,12
5/8/2015,3.8,85.8672,27.7411,10
5/8/2015,3.8,84.7986,28.0058,10
5/8/2015,3.6,86.1111,27.387,10
5/9/2015,3.6,85.2133,28.1555,10
5/9/2015,3.6,85.7987,27.9153,19
5/10/2015,4,85.9784,27.7165,13.9
5/10/2015,3.8,85.0471,28.7515,10
5/10/2015,3.7,85.5387,27.5243,10
5/10/2015,3.7,84.5387,28.0357,10
5/11/2015,4.2,85.7815,27.6929,9.6
5/11/2015,4.2,85.6997,27.7895,18
5/11/2015,4,85.5896,27.8916,18
5/11/2015,3.7,85.3307,27.7546,18
5/11/2015,3.7,85.0054,27.8721,12
5/11/2015,3.6,84.6243,27.8359,10
5/12/2015,6.7,86.126,27.8014,12.3
5/12/2015,5.1,84.7136,27.7651,2.5
5/12/2015,4.2,85.2437,27.7134,6.8
5/12/2015,3.8,86.2131,27.2118,3.7
5/12/2015,3.7,86.7904,27.9537,10
5/13/2015,4.9,85.9898,27.5783,13.2
5/13/2015,4.7,86.1797,27.714,11.1
5/13/2015,4,86.2527,27.6831,14.9
5/13/2015,4,85.4923,27.8209,18
5/13/2015,3.9,86.1533,27.7831,16.8
5/13/2015,3.9,86.1597,27.4342,10
5/13/2015,3.9,85.4249,28.3469,10
5/13/2015,3.8,86.3464,27.6544,0.7
5/13/2015,3.7,84.6412,27.9459,10
5/13/2015,3.6,85.9854,27.589,19
5/13/2015,3.6,85.8407,28.1496,19
5/13/2015,3.6,85.9622,27.7248,19
5/13/2015,3.6,86.4909,27.6384,10
5/14/2015,4.2,86.0838,27.6019,19
5/14/2015,4,85.9497,27.5068,19
5/14/2015,3.9,85.9583,27.5916,19
5/14/2015,3.9,85.3321,28.021,15.9
5/14/2015,3.7,86.3264,27.5381,10
5/14/2015,3.7,85.5424,27.2007,35
5/14/2015,3.6,85.7754,27.6873,19
5/14/2015,3.6,86.032,27.7214,19
5/15/2015,4.8,84.7409,27.8204,13.4
5/15/2015,3.8,86.1259,27.3905,10
5/15/2015,3.7,85.9996,27.5853,19
5/15/2015,3.6,86.1679,27.5654,23.2
5/16/2015,5.6,86.1127,27.5175,20.1
5/16/2015,4.7,85.7688,27.5957,8.2
5/16/2015,4.1,85.1762,27.5004,10
5/16/2015,3.9,84.6642,28.0176,10
5/16/2015,3.8,84.4509,27.912,10
5/16/2015,3.6,84.7809,27.9522,12
5/17/2015,4.2,85.8332,27.5009,22.3
5/17/2015,3.8,86.014,27.6273,35
5/17/2015,3.8,83.9449,28.9378,35
5/17/2015,3.8,86.1312,27.5265,10
5/18/2015,4.3,85.8528,27.5057,19
5/18/2015,4,84.7412,27.9782,10
5/18/2015,3.7,85.3705,28.4502,10
5/19/2015,4.2,85.8975,27.7729,19
5/20/2015,4.5,85.1112,27.351,10
5/21/2015,4,87.4792,28.3333,10
5/21/2015,3.8,85.3124,27.884,18
5/22/2015,4.7,85.0227,28.0014,19.1
5/22/2015,4.2,86.0115,27.4596,19
5/22/2015,4.2,81.7117,29.8668,10
5/22/2015,4,85.8072,27.8177,19
5/23/2015,3.9,85.5021,27.8995,15.4
5/24/2015,4.4,84.6651,28.0126,13.1
5/24/2015,3.9,86.4322,27.6856,10
5/25/2015,4.2,87.3265,28.5714,2
5/25/2015,3.7,85.4777,27.8317,18
5/26/2015,4.4,85.1692,28.0116,15.7
5/26/2015,3.8,85.3153,27.391,10
5/26/2015,3.6,84.5784,28.536,10
5/27/2015,4.3,85.4526,27.8481,15.4
5/27/2015,4.1,84.9656,27.9633,12
5/27/2015,3.8,86.1343,27.6013,19
5/28/2015,3.8,84.8254,28.018,10
5/29/2015,4.8,84.9033,27.9682,4.5
5/29/2015,3.9,84.759,27.8293,7.5
5/29/2015,3.8,85.4103,29.4729,10
5/29/2015,3.7,87.1994,28.4722,10
5/29/2015,3.6,84.5829,28.1212,10
5/30/2015,4.1,85.0835,27.7666,12.4
5/31/2015,3.6,84.5453,28.2491,10
6/2/2015,3.7,81.7186,29.9119,10
6/3/2015,4,85.8368,27.7109,13.9
6/5/2015,3.8,85.2573,28.2164,10
6/7/2015,4,85.5705,27.8754,16.9
6/10/2015,3.8,85.3745,27.6646,10
6/11/2015,4.8,85.6127,27.8108,19.1
6/11/2015,4.3,84.7357,28.047,13.2
6/11/2015,4.2,85.7417,27.7112,13.5
6/12/2015,3.9,85.9918,27.6716,19
6/13/2015,4.7,86.0288,27.6093,17.9
6/14/2015,3.9,85.7774,28.151,18.8
6/15/2015,3.6,85.882,27.7605,19
6/17/2015,4.4,85.3999,27.6761,10
6/17/2015,4.3,85.8025,28.1426,10
6/19/2015,3.7,84.5294,28.2918,10
6/19/2015,3.6,84.6289,27.9272,10
6/20/2015,4.6,82.7219,28.5022,10
6/20/2015,3.7,82.7055,28.5288,10
6/21/2015,3.9,85.9308,27.6898,19
6/21/2015,3.6,85.4735,27.8392,18
6/21/2015,3.6,82.0705,31.9908,35
6/22/2015,4.2,86.28,27.6479,10
6/25/2015,3.9,85.1902,27.6808,10
6/28/2015,4.6,86.0775,27.4912,24.3
6/28/2015,3.7,85.4574,27.7939,18
6/29/2015,4.2,85.7529,27.4483,19
6/29/2015,4.1,85.5896,27.643,10
6/29/2015,3.6,85.5713,27.8073,18
7/1/2015,3.9,83.4994,29.4235,10
7/1/2015,3.8,85.2101,27.9357,12
7/1/2015,3.7,85.5889,27.8709,18
7/2/2015,4.3,85.5261,27.8868,18.4
7/3/2015,4.5,84.9369,27.6599,10
7/4/2015,3.9,85.5822,27.4916,10
7/6/2015,4.1,85.6793,27.9413,18
7/6/2015,3.8,86.0947,27.5847,19
7/7/2015,3.9,81.6387,29.5675,19.4
7/9/2015,3.9,87.6712,28.7613,35
7/9/2015,3.8,85.4363,27.7226,10
7/10/2015,4.1,86.2009,27.746,19
7/13/2015,3.6,86.0443,27.6089,19
7/16/2015,3.6,84.6933,28.3013,10
7/21/2015,3.6,86.3252,27.975,35
7/22/2015,3.9,85.3395,27.7515,9.9
7/25/2015,4,86.3484,27.9153,35
7/25/2015,3.6,86.007,27.3654,19
7/27/2015,3.8,85.3771,27.8599,18
7/28/2015,4.1,85.7925,27.7426,19
7/30/2015,3.9,86.0462,27.5492,8.8
8/1/2015,4.4,87.7212,28.7043,11.6
8/1/2015,3.7,85.948,28.1625,10
8/5/2015,3.9,80.4983,30.2923,11
8/5/2015,3.6,85.9104,27.6868,19
8/7/2015,3.7,80.4189,30.4116,11
8/9/2015,4.2,84.7215,28.1651,5.7
8/14/2015,4,85.866,27.332,19
8/15/2015,4.6,85.975,27.6537,22.8
8/15/2015,4.5,87.969,27.3213,23
8/15/2015,3.7,85.9149,27.651,19
8/17/2015,4.2,86.1205,27.8745,13.2
8/20/2015,3.8,85.2581,27.9905,10.6
8/23/2015,5.1,86.0641,27.7509,8.7
8/24/2015,4,87.3144,28.3566,10
8/26/2015,3.9,85.4328,27.7325,35
8/30/2015,4.5,85.6763,27.6203,14
8/31/2015,3.6,85.6402,28.1551,18
9/1/2015,3.9,86.0666,27.6482,19
9/1/2015,3.6,87.1454,28.2492,95.9
9/7/2015,3.7,87.904,27.9872,100
9/12/2015,3.8,87.7798,31.5609,35
9/16/2015,3.7,86.3153,28.0336,10
9/21/2015,3.8,87.9339,31.3514,35
9/22/2015,4.3,85.0196,27.6663,11.5
9/29/2015,4.5,80.3981,29.9636,23
9/29/2015,4.4,85.8367,27.7774,15.4
10/5/2015,4.4,86.0786,27.6229,11.9
10/5/2015,4.3,86.4099,31.4187,35
10/5/2015,4,86.1001,27.7086,19
10/6/2015,4.1,85.9145,27.591,10
10/6/2015,3.9,86.128,27.7382,10
10/7/2015,3.8,85.0745,28.1684,12
10/8/2015,3.8,85.3709,27.8316,18
10/9/2015,4.8,86.4263,28.835,11.9
10/9/2015,4,86.5013,28.9643,10
10/12/2015,4.5,86.3134,29.0434,11.9
10/19/2015,3.7,86.5673,28.3799,35
10/24/2015,3.6,80.2479,30.0263,10
11/18/2015,3.9,80.6492,29.704,10
11/19/2015,5,85.6871,27.7947,10.4
11/24/2015,4.5,84.7597,28.0733,12
11/26/2015,3.8,87.9384,31.7181,10
11/27/2015,4,88.0197,27.1625,12.6
12/18/2015,5.3,81.6399,29.2787,16.1
12/18/2015,3.6,86.7492,28.3918,57
12/20/2015,3.6,81.5376,29.1895,33
12/26/2015,3.8,81.6009,29.2832,27
12/30/2015,3.6,85.5575,27.8496,18
1/1/2016,4.2,80.3974,29.7574,10
1/6/2016,3.6,83.411,30.6245,10
1/13/2016,4.3,88.0507,29.5462,35
1/14/2016,4,87.8752,29.4672,10
1/21/2016,4.5,85.0294,28.0448,14.5
1/25/2016,3.7,87.9389,29.4844,35
1/27/2016,4.1,85.7468,27.6742,10
1/28/2016,4,88.1763,29.489,10
1/31/2016,4.1,84.1034,29.6899,2.8
1/31/2016,3.9,84.411,29.7228,10
2/5/2016,5.2,85.457,27.8644,23.4
2/9/2016,4.6,86.3653,30.7332,10
2/10/2016,4.1,85.6411,27.7082,13
2/13/2016,3.8,85.4811,27.6344,35
2/21/2016,5,84.717,27.9582,13.8
2/23/2016,3.6,87.1397,27.4707,9.9
2/24/2016,4.6,85.6862,27.7147,17.7
3/1/2016,3.8,85.4394,27.58,35
3/11/2016,3.6,85.3668,27.8655,18
3/13/2016,4.1,84.836,27.797,14.6
3/14/2016,4.2,85.5828,27.7941,18
3/30/2016,4.1,85.7077,27.8429,12.5
4/4/2016,4,86.0009,27.6139,11.3
4/4/2016,3.8,85.7442,27.5352,10
4/9/2016,3.9,85.291,27.6355,12.2
4/11/2016,3.6,80.0035,29.7857,13.3
4/12/2016,4.2,86.1124,27.5873,19
4/13/2016,3.6,87.5599,28.3085,35
4/16/2016,4,87.4881,28.351,10.2
4/17/2016,3.8,87.802,28.3426,96.3
4/19/2016,4.2,87.9358,28.441,50
4/23/2016,3.8,85.011,27.9428,12
4/30/2016,3.9,81.2643,29.4696,10
5/5/2016,3.7,84.8849,27.7521,12
5/5/2016,3.7,80.0934,30.0929,25.4
5/9/2016,4.1,85.867,28.3208,35
5/10/2016,3.6,82.9531,30.503,35
5/11/2016,4.5,84.5958,27.963,15.6
5/11/2016,4.3,84.8004,27.8136,12
5/13/2016,3.8,85.5579,27.8305,10
5/14/2016,4.3,85.4691,27.8097,18
5/21/2016,4,87.416,28.2894,14.7
5/21/2016,3.9,87.5456,28.3808,10
5/21/2016,3.9,87.5753,28.4432,10
5/21/2016,3.6,87.9295,28.3348,10
5/22/2016,5.1,87.428,28.4487,12.7
5/22/2016,3.9,87.3787,28.2495,10
5/22/2016,3.9,87.6121,28.3061,4.5
5/22/2016,3.6,87.509,28.2308,10
5/23/2016,4.3,85.095,27.6837,11.9
5/23/2016,4,87.5808,28.4289,28.6
5/23/2016,3.6,87.6989,28.4768,50
5/25/2016,3.6,87.5944,28.2794,10.9
5/26/2016,4.1,87.4771,28.4843,9.1
5/28/2016,4.6,85.4799,27.8695,18.2
6/2/2016,3.7,85.5156,27.864,18
6/10/2016,3.8,87.4999,28.366,3.1
6/11/2016,3.6,80.9262,30.0044,10
6/13/2016,3.9,84.5966,27.8889,35
6/21/2016,3.7,85.1998,27.8565,12
6/22/2016,4.1,85.267,31.647,10
6/27/2016,4.5,87.4464,28.6788,32.2
6/29/2016,4.6,81.1633,29.4657,17
6/29/2016,3.9,81.2776,29.3774,27
7/2/2016,4.2,81.1672,29.4721,17
7/5/2016,3.6,86.6452,28.2442,35
7/7/2016,4.1,85.5853,27.8104,18
7/7/2016,3.6,84.7583,28.4446,35
7/27/2016,3.8,87.6839,28.4436,10
8/25/2016,3.6,80.4215,29.9102,23
8/27/2016,3.7,81.5434,29.5247,27
9/5/2016,3.7,86.3386,27.7443,16.6
9/7/2016,3.6,85.861,28.2118,19
9/9/2016,4,82.6106,30.1923,35
9/9/2016,3.9,82.715,30.0345,35
9/9/2016,3.6,82.634,30.1258,35
9/9/2016,3.6,82.8871,30.3114,35
9/9/2016,3.6,82.3765,29.9321,35
9/9/2016,3.6,82.9554,30.3917,35
9/10/2016,4.8,82.5639,30.0869,15
9/13/2016,3.7,82.5275,29.9491,10
9/18/2016,4.2,85.7009,27.815,7
9/18/2016,3.6,82.5035,29.986,10
9/23/2016,3.6,82.5136,30.2397,35
10/2/2016,3.8,84.9963,27.5197,10
10/7/2016,3.9,86.1477,27.6598,8.9
10/10/2016,3.8,87.3987,28.0307,32.4
10/12/2016,3.6,85.9113,27.572,0.7
10/17/2016,3.9,80.349,29.7045,19
10/18/2016,3.7,86.251,27.7524,10
11/6/2016,3.8,81.1459,29.5892,10
11/12/2016,3.8,87.8669,28.1898,35
11/27/2016,5.4,86.5045,27.7097,14.8
12/1/2016,5.1,80.545,29.9358,23.8
1/3/2017,3.6,81.6962,29.6693,27
1/4/2017,4.7,83.7582,30.5865,1.3
1/12/2017,3.6,87.695,27.8922,35
2/1/2017,5,83.294,30.6367,10.7
2/2/2017,3.6,83.3088,30.5592,18
2/7/2017,3.6,86.1401,27.5743,19
2/26/2017,4.6,83.5568,30.1977,18.2
2/27/2017,4.7,86.0698,27.3258,15.3
2/27/2017,4.5,86.0778,27.3533,13.4
3/19/2017,3.9,87.0739,27.9716,18
3/25/2017,3.7,80.6457,29.3421,19
3/26/2017,4.1,83.8599,30.4661,10
3/26/2017,3.8,85.8416,27.951,10.9
4/23/2017,3.7,85.3325,31.2662,35
4/24/2017,4.2,81.2829,29.5671,10
4/24/2017,3.9,85.7525,27.8266,12.7
4/27/2017,4.3,86.0624,29.227,17.1
5/18/2017,3.6,87.9942,31.0877,35
5/30/2017,3.8,80.9999,29.4647,17
6/8/2017,3.6,84.3194,28.5354,35
6/28/2017,3.8,86.3518,27.6109,12.9
7/2/2017,4.7,86.3232,27.2096,13.8
7/5/2017,3.8,80.7659,30.8239,7
7/5/2017,3.6,84.0929,29.1519,10
7/15/2017,4.6,82.6997,30.5951,10
7/15/2017,4.1,81.6519,28.8701,33
8/5/2017,3.6,82.2129,30.6294,10
8/14/2017,3.9,81.6159,28.9369,33
8/21/2017,4.4,86.1816,27.5864,10.9
8/22/2017,4.4,81.151,29.3667,17
8/24/2017,3.9,85.9025,28.0551,8.8
8/25/2017,3.6,86.3968,28.1657,35
9/1/2017,4.7,82.5074,31.9909,8.8
9/5/2017,3.8,83.6973,30.9919,11
9/15/2017,3.6,85.8172,27.7338,19
9/21/2017,4,86.2164,27.5737,13.7
9/29/2017,3.6,85.5054,31.7358,35
10/2/2017,4,82.2632,28.8005,14.5
10/6/2017,4.3,86.7424,29.9879,10
10/14/2017,3.7,83.9377,28.144,35
10/26/2017,3.8,81.5425,29.0736,33
11/6/2017,4.4,81.2143,29.594,14.2
11/7/2017,4.4,87.4607,30.1521,10
11/20/2017,3.8,87.2984,28.2896,19.6
11/21/2017,4,85.4418,29.9808,35
12/8/2017,4.9,86.1527,27.6192,13.7
12/18/2017,3.6,85.6477,27.8839,10
12/23/2017,3.6,83.2179,30.6612,10
1/1/2018,3.7,84.9156,31.3668,35
2/8/2018,4,87.626,30.2883,10
2/8/2018,3.9,87.9636,30.1861,10
2/8/2018,3.6,87.5308,30.1781,35
2/11/2018,4.1,87.5864,30.3415,10
2/28/2018,4,87.5236,30.2625,10
2/28/2018,3.6,87.7104,30.2106,35
3/1/2018,4.8,87.5111,30.2156,9
3/1/2018,3.9,87.5669,30.1614,10
3/2/2018,3.8,86.3161,27.6755,17
3/2/2018,3.7,87.67,30.2351,10
3/4/2018,3.7,87.5852,30.1116,35
3/13/2018,3.7,80.2718,31.1356,10
3/15/2018,3.8,80.6543,31.4229,35
3/25/2018,4,86.6723,28.5985,57
3/30/2018,3.7,85.96,29.3842,35
4/10/2018,3.9,87.1849,30.0428,10
4/11/2018,3.6,87.9877,30.3733,41
4/12/2018,4,80.6344,31.4978,35
4/17/2018,3.7,80.5606,31.363,35
4/18/2018,4,83.7502,29.6621,35
4/19/2018,4,80.5724,31.4761,35
4/23/2018,3.7,87.6787,30.0547,35
4/23/2018,3.6,86.5014,28.3573,35
4/28/2018,3.8,87.5314,30.2103,35
4/28/2018,3.6,80.3213,31.2674,35
4/29/2018,3.8,86.7468,28.4852,50
5/5/2018,3.6,87.4723,28.0166,10
5/8/2018,3.8,87.7286,27.971,17.2
5/8/2018,3.7,84.6643,28.989,35
5/10/2018,4.3,87.4856,28.4439,14.9
5/24/2018,3.7,80.7149,29.7826,10
5/25/2018,3.7,86.1046,28.3739,28
6/5/2018,4.7,81.6283,29.5836,13.1
6/16/2018,3.9,86.0911,28.4214,35
6/20/2018,4.5,87.8821,27.2503,13.9
6/20/2018,4.4,87.844,27.3141,16.2
6/28/2018,4.7,84.8361,27.8271,15.3
6/28/2018,3.9,87.4981,30.183,10
7/7/2018,4.3,83.7715,31.8526,10
7/11/2018,3.6,87.6468,30.197,35
7/13/2018,3.6,81.4145,29.5101,27
7/18/2018,3.7,81.1594,29.3265,17
7/18/2018,3.6,87.671,29.9279,35
7/19/2018,4,87.3505,28.2431,10
7/24/2018,4.2,84.8417,27.6985,12.6
7/29/2018,3.8,83.2238,31.9826,35
8/1/2018,5,87.5684,30.2421,10.1
8/1/2018,4.2,87.4407,30.2334,10
8/1/2018,3.7,87.3787,30.1348,35
8/24/2018,3.9,87.9443,27.4417,10.1
10/4/2018,3.8,88.121,29.7601,35
10/5/2018,4.4,81.7082,28.7839,10
10/5/2018,4.4,81.5726,28.8221,33
10/5/2018,3.8,81.608,28.7192,35
10/6/2018,4,81.5986,28.8664,33
10/6/2018,3.9,81.4531,28.7752,33
10/22/2018,4.7,87.6038,30.2842,10
10/24/2018,3.8,88.0093,30.3189,35
10/31/2018,4.9,87.5013,30.2697,10
10/31/2018,4.7,87.5406,30.2774,10
11/3/2018,3.7,87.8196,30.2902,41
11/7/2018,4.3,87.8166,30.3717,10
11/11/2018,4.5,80.6352,29.8366,10.8
11/28/2018,4,87.5566,30.2567,10
12/11/2018,3.8,87.5029,30.175,35
12/20/2018,3.8,84.7382,28.9551,35
12/22/2018,4.1,85.6898,27.7888,14.6
12/23/2018,5.6,87.5789,30.3479,8.6
12/23/2018,4.4,87.7215,30.1254,10
12/23/2018,4.4,87.4418,30.094,10
12/24/2018,4,87.5312,30.2677,10
12/28/2018,3.9,87.9276,30.2597,10
12/29/2018,3.6,87.5361,30.1565,35
12/31/2018,3.7,87.7715,30.1846,37
1/20/2019,5.1,87.6014,30.3343,7.6
1/20/2019,4.6,87.672,30.339,10
1/22/2019,4.2,86.9329,27.1382,12.2
2/4/2019,3.7,87.6482,29.3823,35
2/6/2019,4,87.4258,29.2076,9.2
2/6/2019,3.7,87.2679,29.1099,14
2/6/2019,3.7,87.468,29.302,19.6
2/7/2019,4.2,87.289,29.2365,10.8
2/15/2019,3.7,87.6491,30.3092,35
2/20/2019,3.7,87.6493,30.198,35
2/26/2019,3.7,85.913,27.4861,10.5
3/2/2019,3.8,81.2311,30.4355,35
3/6/2019,3.8,87.5377,30.4212,35
3/7/2019,3.8,87.6246,29.9823,35
3/27/2019,3.6,87.8512,30.3906,41
3/28/2019,4,87.1548,28.6671,4.6
4/12/2019,4.4,87.5268,30.1737,10
4/13/2019,4.2,86.5346,28.6286,57
4/13/2019,3.7,85.3298,28.1001,8.5
4/14/2019,3.9,81.4251,29.586,27
4/16/2019,3.7,84.786,28.2035,17
4/24/2019,4.6,85.1341,27.7315,17.6
4/24/2019,3.8,85.3324,29.4849,11.6
4/29/2019,4,83.8208,31.9564,10
4/29/2019,3.9,85.5264,29.4722,10
4/30/2019,4.1,85.4329,29.4989,10
5/11/2019,4.5,81.6265,28.847,26.9
5/16/2019,3.7,85.4136,29.528,3.2
5/17/2019,4.7,84.8345,27.8453,12.8
5/20/2019,3.6,86.6362,31.4142,35
5/21/2019,3.6,84.3764,28.2424,7.7
5/25/2019,4.5,86.389,27.596,27.4
5/25/2019,3.9,81.4718,29.5258,27
5/26/2019,4.7,87.531,30.2673,10
5/26/2019,4.6,87.6247,30.3324,10
5/30/2019,3.8,85.6166,29.5841,10
5/31/2019,3.8,87.751,28.2486,22.9
6/14/2019,3.6,81.0484,29.4625,10.3
6/15/2019,4,82.2585,28.918,13.2
6/17/2019,4.3,87.1957,28.3482,84.2
6/20/2019,3.7,87.5127,28.8159,4.4
6/23/2019,3.7,85.5539,30.0408,35
7/2/2019,3.6,87.4012,30.0637,35
7/6/2019,3.6,85.4088,27.6728,5.6
8/9/2019,4.2,83.2313,28.3616,10.1
8/15/2019,3.7,85.2795,31.7986,35
8/24/2019,3.8,87.7947,30.6446,41
8/27/2019,4.3,86.5991,28.9927,32.8
9/15/2019,4,81.9674,30.163,21
9/16/2019,4.4,80.6668,29.581,19
9/17/2019,3.9,84.4784,28.2465,4.1
9/22/2019,4.1,84.3794,28.1934,9.2
9/26/2019,4.3,84.5181,28.2042,3.2
9/28/2019,3.8,81.4896,30.0039,6
9/29/2019,3.7,82.9418,28.5883,7
10/12/2019,3.6,84.858,29.0763,35
10/26/2019,3.9,87.3389,30.516,10
10/31/2019,4,83.3237,28.6,12.6
11/12/2019,4.4,80.2377,30.0051,16.6
11/19/2019,5.3,81.1505,29.3022,16.9
11/27/2019,4.5,85.7458,27.6952,10.2
11/27/2019,4.4,87.8829,28.0911,79.6
11/28/2019,4.6,84.3942,30.5352,10
12/12/2019,4.1,85.597,27.8733,13.6
1/5/2020,4.2,85.4514,30.1894,7.6
1/5/2020,4.1,85.5418,30.0188,3.2
1/12/2020,4.3,81.7105,29.4613,34.7
1/12/2020,4.2,81.6631,29.5077,16.5
1/12/2020,3.7,81.5537,29.5379,27
1/24/2020,3.8,86.5387,29.4094,4.1
1/28/2020,3.8,81.665,29.6657,27
3/15/2020,4.3,83.6686,28.2296,11.2
3/20/2020,5.7,87.3687,28.6056,12.5
3/24/2020,4,87.3443,28.6765,7.4
4/2/2020,3.9,80.9387,29.432,17
4/15/2020,3.9,86.5627,27.5655,30.4
4/22/2020,3.6,80.7226,29.1516,24.7
5/8/2020,3.8,84.5302,29.297,35
5/8/2020,3.6,86.8774,28.7657,35
5/12/2020,4.8,86.0719,27.5963,3.3
5/23/2020,3.7,87.2337,28.6087,12
5/30/2020,4.2,84.8683,27.9373,4.5
7/24/2020,4.3,87.4275,30.3982,10
7/29/2020,3.9,88.1788,28.3432,17.2
8/6/2020,3.9,84.2359,31.0622,10
8/9/2020,3.6,80.127,31.1045,10
8/17/2020,4,87.2714,28.7528,10.2
8/23/2020,4.5,87.4823,30.389,10
8/25/2020,4.2,80.9369,29.4445,17
8/27/2020,3.8,80.8392,29.8313,10
9/11/2020,4.5,87.8179,27.3174,8.2
9/15/2020,5.2,85.8654,27.7705,11.8
9/27/2020,3.7,87.4881,29.0326,16.2
10/25/2020,3.7,83.4716,30.9172,11
10/28/2020,3.8,80.9268,29.4142,17
11/8/2020,4.1,88.014,27.807,74.2
11/21/2020,4.4,88.0486,29.9707,37
11/23/2020,4.3,87.3332,28.6263,3.6
11/23/2020,3.7,86.597,27.2893,8.2
12/29/2020,3.6,86.3588,27.6998,18.2
1/11/2021,3.9,87.9395,28.1064,71
1/25/2021,3.6,87.7126,27.9491,88.5
2/2/2021,5,87.4086,28.7477,11.5
2/2/2021,4.5,84.0765,28.8639,20.9
2/4/2021,5,87.3658,28.7644,9
2/9/2021,4.3,87.9222,27.9784,35
2/12/2021,3.6,86.7412,28.9612,48.3
2/19/2021,3.8,87.6679,28.5943,10
2/19/2021,3.7,87.4694,28.79,14
2/19/2021,3.6,80.0822,29.931,16
2/22/2021,3.6,85.7631,30.1032,35
2/27/2021,4.1,86.6305,28.9523,10
2/28/2021,3.9,87.8359,28.4183,10
2/28/2021,3.7,87.6319,28.4681,4.8
3/11/2021,3.6,88.0296,28.2257,42.2
3/16/2021,4.5,86.3616,30.1139,10
3/22/2021,4.3,84.8477,31.5236,10
3/25/2021,3.6,84.2414,31.3217,10
4/3/2021,3.7,86.5008,28.7171,2.6
4/22/2021,3.7,87.2333,30.4327,35
5/4/2021,3.9,86.562,28.649,15.8
5/18/2021,5.3,84.356,28.2932,12
5/19/2021,4.8,84.3559,28.2092,10.8
5/19/2021,3.8,84.3788,28.1837,11.9
5/25/2021,4.5,86.4502,29.117,2.7
5/26/2021,3.8,86.2981,29.0666,14.9
6/2/2021,3.7,85.2681,30.3617,35
6/19/2021,3.9,84.1978,29.6454,22.5
6/21/2021,4.2,87.1154,29.2855,10
6/28/2021,3.8,80.0511,30.0599,10
7/2/2021,3.9,81.5558,29.7043,10
7/14/2021,3.6,87.5848,30.4164,35
7/18/2021,3.8,81.4533,28.8748,33
7/23/2021,3.6,86.837,27.4224,9.7
7/28/2021,3.7,87.0504,29.1651,4.6
8/13/2021,3.6,85.1215,31.5865,35
8/23/2021,3.7,81.0442,29.5447,10
8/31/2021,3.7,84.3903,29.613,6.2
9/5/2021,3.8,88.1509,28.4904,62.3
9/12/2021,4,86.0998,27.6297,13
9/24/2021,3.6,80.3339,29.8784,22.7
9/25/2021,4,85.7976,27.8785,10.4
10/2/2021,4,85.7944,27.839,13.8
10/2/2021,3.6,85.8044,27.9101,8.7
10/15/2021,4.1,87.374,28.681,0.9
10/16/2021,3.6,84.9382,28.095,8.9
10/18/2021,4.6,87.3047,28.6446,9.6
10/18/2021,4.3,85.7943,27.881,12
10/31/2021,3.6,87.8257,28.0223,81.3
11/5/2021,4.9,87.4252,28.778,7.4
11/8/2021,3.8,87.289,28.5861,6.4
11/14/2021,3.8,87.6722,30.4231,10
11/30/2021,5.3,87.9426,31.6437,7.1
12/1/2021,4.2,87.7517,31.4505,10
12/8/2021,4,87.4781,28.664,35
12/8/2021,4,87.4661,28.7833,10
12/14/2021,4.2,87.4056,28.7299,8.5
12/14/2021,3.8,87.5061,28.6546,58.6
12/18/2021,3.8,87.6665,28.2356,68
12/25/2021,3.6,82.9598,31.5607,35
12/27/2021,3.6,87.398,28.7395,2.3
12/29/2021,4.4,80.5271,29.8721,5.3
1/5/2022,3.6,86.3036,27.5535,10
1/6/2022,4.3,82.9461,28.5555,10
1/13/2022,4,87.3679,28.7677,14
1/19/2022,3.6,80.8787,29.7686,14.2
1/21/2022,3.6,85.2669,27.8135,18
1/24/2022,4.1,80.2857,29.8136,27.8
2/4/2022,3.8,84.8659,31.6554,35
2/26/2022,3.9,87.529,28.7752,8.5
3/5/2022,3.7,86.8459,28.5037,73.9
3/23/2022,3.8,87.983,28.1492,71
4/9/2022,4.3,86.5255,28.7922,14.4
4/13/2022,3.6,85.0338,31.7751,35
4/24/2022,4.2,83.0886,31.7243,35
5/3/2022,3.9,87.6261,28.7507,10
5/11/2022,4.8,80.3974,29.8288,23.7
5/21/2022,3.6,86.7379,28.4307,78.5
5/23/2022,3.7,87.7923,27.4092,20
6/10/2022,3.7,85.4197,27.6575,13.2
6/22/2022,4.6,83.8169,28.3187,14.1
6/27/2022,3.6,82.723,31.0826,10
7/8/2022,3.9,80.0996,30.0008,2.4
7/10/2022,4,80.7777,29.6061,17
7/22/2022,3.8,86.4351,29.9842,35
7/25/2022,4.5,85.4591,27.9331,16.9
7/31/2022,5.2,86.7589,27.2007,12.1
8/5/2022,4.3,85.0859,27.8092,7
8/18/2022,3.6,85.8183,28.0933,19
8/19/2022,4.7,81.2776,28.0826,35
8/19/2022,3.7,80.1369,29.9109,14.6
9/18/2022,4.1,87.3943,28.8856,10
9/18/2022,3.7,86.8413,28.5274,34
9/19/2022,4.3,82.8753,31.1541,10
9/19/2022,3.6,82.6222,31.2736,35
9/20/2022,3.6,87.7396,29.1578,10
10/8/2022,3.7,80.1329,30.021,20.5
10/10/2022,3.8,87.452,28.6333,2
10/19/2022,4.8,86.0196,27.9587,17.9
10/19/2022,3.9,85.9986,27.9895,18.3
10/28/2022,3.6,81.6427,29.4154,27
10/30/2022,4.4,81.0125,29.4651,12.8
11/6/2022,3.8,88.1746,27.9444,27.4
11/7/2022,4.2,86.5696,28.8661,33.7
11/8/2022,5.9,81.1794,29.3309,14.4
11/8/2022,4.7,81.3271,29.3759,27
11/8/2022,3.8,80.8757,29.538,10
11/9/2022,4.2,80.2371,29.9054,16
11/9/2022,4.1,81.0344,28.9424,10
11/12/2022,5.3,81.2719,29.4703,11.6
12/3/2022,3.8,86.3148,30.0083,35
12/5/2022,3.7,83.1188,29.2127,10
12/18/2022,4.3,85.0564,28.215,51.8
12/23/2022,4.1,83.2371,28.4806,11.9
12/23/2022,3.8,83.1018,28.5151,10
12/27/2022,4.6,83.2587,28.5694,14.2
12/27/2022,4.2,83.2559,28.4471,10.8
1/12/2023,4,83.2181,31.6048,35
1/21/2023,3.8,85.7465,27.7828,10
1/24/2023,5.6,81.6942,29.5779,24.8
1/25/2023,3.6,81.6445,29.5589,49.3
2/12/2023,3.9,87.8105,27.868,76.3
2/22/2023,4.7,81.6575,29.5102,23.1
2/26/2023,4,80.9847,29.5217,17
3/2/2023,4.2,87.3686,28.3001,1.3
3/5/2023,3.7,81.1178,29.1983,18
3/5/2023,3.6,85.5908,27.5727,14
3/13/2023,3.7,81.6347,28.805,5.2
3/24/2023,4,81.7963,29.5381,21.5
3/26/2023,3.7,81.6802,29.5487,3.8
3/28/2023,3.8,87.9585,28.0074,72.1
4/1/2023,4.7,86.2171,27.7828,13.9
4/8/2023,4.5,86.6887,28.8175,35.3
4/10/2023,3.6,87.3698,28.265,25.1
4/27/2023,5.1,81.5976,29.5167,10
4/27/2023,4.4,81.5609,29.615,24.3
4/27/2023,3.6,81.4654,29.8002,33
5/4/2023,3.7,81.5663,29.5836,14.2
5/6/2023,4.4,86.6877,28.6296,50.1
5/10/2023,3.8,81.4964,29.6189,25.8
5/11/2023,3.6,80.5028,29.8915,10
5/23/2023,4.2,81.2465,29.6359,12.2
6/12/2023,3.7,81.5743,29.6374,23.9
6/20/2023,3.6,87.8885,27.8933,75.8
8/3/2023,3.9,87.3476,28.7643,6.1
8/5/2023,4.2,80.7394,30.1767,26.6
8/18/2023,4.5,87.1425,28.3114,58.4
8/18/2023,4.2,83.1196,31.6716,10
9/7/2023,3.7,86.9704,28.7304,31.5
10/3/2023,5.8,81.2684,29.4648,17.2
10/3/2023,4.5,86.3968,30.9434,26
10/7/2023,5,81.2553,29.4139,25
10/8/2023,4.7,86.3689,30.7301,10
10/11/2023,4.7,81.1824,29.5355,27.5
10/12/2023,4.5,81.2169,29.5176,30.3
10/12/2023,3.6,83.2234,28.3972,17.1
10/16/2023,4.1,80.6283,29.9139,8.4
10/16/2023,3.6,80.6209,29.9179,6.9
10/18/2023,4.2,81.2009,29.5497,16.1
10/21/2023,3.9,81.2206,29.424,17
10/22/2023,5.2,84.7301,27.8565,16.8
10/23/2023,4.2,86.5977,31.4364,10
10/23/2023,3.6,85.7623,30.1503,35
11/3/2023,6,82.169,28.8151,14.5
11/6/2023,5.3,82.1366,28.8482,11
11/7/2023,3.6,81.7658,29.6431,14.6
11/19/2023,3.9,82.7693,28.4622,11.8
11/19/2023,3.8,82.8223,28.4263,9.5
11/20/2023,4.2,81.2307,29.4237,17
11/22/2023,4,85.1736,27.6724,10.8
11/27/2023,4.9,87.7454,28.6654,55.4
12/4/2023,4.3,87.8284,27.8235,76.1
12/10/2023,3.6,84.8158,27.9083,9.4
12/31/2023,4.6,85.8355,27.745,12.4
1/4/2024,3.8,85.7618,27.888,22.5
1/7/2024,4.6,86.5319,28.1006,2.9
1/7/2024,3.6,86.5182,28.1083,35
1/12/2024,5,81.0973,29.4968,20.1
2/13/2024,3.7,86.1385,31.6463,35
2/16/2024,3.8,81.0032,29.3825,12.8
2/26/2024,4.4,88.0845,29.5415,100
